sample_index,smiles,label,space,x,y
0,O=C1CSC(=Nc2cccc(Cl)c2Cl)N1,0,Plain-GCN,-9.725231170654297,-5.417424201965332
1,Cc1sc2c3ccsc3ccc2[n+]1C.[I-],0,Plain-GCN,6.345176696777344,-12.431581497192383
2,CCc1cc(=O)oc2c(C)c(OC(C)C(=O)N3CCC[C@@H]3C(=O)O)ccc12,0,Plain-GCN,-20.36562156677246,4.928206443786621
3,Cc1ccc(OCC(=O)N2CCN(S(=O)(=O)c3ccccc3[N+](=O)[O-])CC2)cc1,0,Plain-GCN,-19.876079559326172,-5.552133560180664
4,CCc1cc(NC(C)=O)ccc1-c1ccc2cc(-c3nc4cc(C(=O)N5CC6CCC5[C@@H]6N)cc(OC)c4n3C)n(CC3CC3)c2n1,1,Plain-GCN,38.088497161865234,5.4834699630737305
5,COc1cc(-c2ccc3cc(-c4nc5cc(C(=O)N6CC7CCC6[C@@H]7N)cc(OC)c5n4C)n(CC4CC4)c3n2)ccc1CC(N)=O,1,Plain-GCN,40.660865783691406,2.5870988368988037
6,C/C(=N\NS(C)(=O)=O)c1ccccc1,0,Plain-GCN,5.13403844833374,-1.5787482261657715
7,Cc1nn2c(N3CCN(C)CC3)c3c(nc2c1-c1ccccc1)CCCC3,0,Plain-GCN,-29.15956687927246,-0.07806787639856339
8,Cc1ccc([C@@H]2C3COCC=C3C(C#N)=C(N)C2(C#N)C#N)o1,0,Plain-GCN,-18.726743698120117,13.774463653564453
9,CCN(c1ccccc1)S(=O)(=O)c1ccc(F)c(C(=O)O)c1,0,Plain-GCN,-1.3063850402832031,-4.40253210067749
10,COc1cc(C(=O)N2C[C@H](N)C[C@@H](F)C2)cc2nc(-c3cc4ccc(-c5ccc(C(N)=O)cc5C(F)(F)F)nc4n3CC3CC3)n(C)c12,1,Plain-GCN,35.56976318359375,-4.524127006530762
11,O=C(CCNC(=O)C1CCN(S(=O)(=O)c2ccc(F)cc2)CC1)NCc1ccccc1Cl,0,Plain-GCN,-5.089395046234131,0.6565251350402832
12,Cn1nnnc1SCc1ccccc1F,0,Plain-GCN,-10.766408920288086,-3.182973861694336
13,C/C(N)=C(/C#N)C(=O)COC(=O)C(NS(=O)(=O)c1ccc(Cl)cc1)C(C)O,0,Plain-GCN,-4.611798286437988,1.9610368013381958
14,C=CCOC(=O)C1=C(C)NC(C)=C(C(=O)OCC=C)C1c1ccc(C)o1,0,Plain-GCN,-14.419538497924805,13.721826553344727
15,Cc1ccc(-n2ncc3c2CCCC3NC(=O)c2ccoc2)cc1C,0,Plain-GCN,-6.129917621612549,7.793532848358154
16,CCCN1CCN(S(=O)(=O)c2ccc3c(c2)CC(C)N3C(=O)C2CC2)CC1,0,Plain-GCN,-24.127883911132812,7.146307468414307
17,CCN1CCN(Cc2c(O)c(Cl)cc3c(C)cc(=O)oc23)CC1,0,Plain-GCN,-28.41574478149414,4.209077835083008
18,COc1cc(C(=O)N2[C@H]3CC[C@@H]2[C@H](N)C3)cc2nc(-c3cc4ccc([C@@H](C)NC(=O)CCC(=O)O)nc4n3CC3CC3)c(C)n12,1,Plain-GCN,30.544776916503906,1.2116659879684448
19,COc1cc(C(=O)N2C[C@H](N)C[C@@H](F)C2)cc2nc(-c3cc4ccc(C5=CC(F)C=C6N=C(C)C(=O)N=C65)nc4n3CC3CC3)n(C)c12,1,Plain-GCN,41.315101623535156,-3.9397315979003906
20,Cc1cc(C(C)(C)C)ccc1OCCN1CCCC1,0,Plain-GCN,-27.823360443115234,6.288203716278076
21,CC1(C)CC(=O)c2cc(C(=O)NC3CCSC3=O)c(=O)n(-c3ccc(Cl)cc3)c2C1,0,Plain-GCN,-13.800578117370605,8.16427993774414
22,COc1cccc(CN2CCN(C(=O)Nc3ccc([N+](=O)[O-])cc3)CC2)c1,0,Plain-GCN,-19.43836784362793,-4.017847537994385
23,CCCCn1nc2cc(C(=O)NCC34CC5CC(CC(C5)C3)C4)ccc2c1OCC,0,Plain-GCN,-26.5762939453125,8.307466506958008
24,CCCCCCn1c(=O)[nH]c2nc3cc(N)ccc3nc2c1=O,0,Plain-GCN,-23.227767944335938,-6.938672065734863
25,Cn1cccc1/C=C1\SC(=S)N(NC(=O)c2ccc(F)cc2)C1=O,0,Plain-GCN,-0.9668661952018738,2.9268898963928223
26,O=C(CSc1nc2ccccc2s1)NC1CCCC1,0,Plain-GCN,-9.796207427978516,-15.465943336486816
27,COc1cc(C(=O)N2CC3CCC2[C@@H]3N)cc2nc(-c3cc4ccc(-c5cc(O)ccc5F)cc4n3CC3CC3)n(C)c12,1,Plain-GCN,42.87944412231445,6.427966594696045
28,COc1ccccc1N1CCN(C(=O)C(=O)c2cn(CC(=O)N3CCOCC3)c3ccccc23)CC1,0,Plain-GCN,-28.410602569580078,1.0557374954223633
29,O=C(COC(=O)c1cccnc1Cl)c1ccc(OC(F)F)cc1,0,Plain-GCN,-4.224513053894043,-5.177638530731201
30,COc1cc(C(=O)N2C[C@H](N)C[C@@H](F)C2)cc2nc(-c3cc4ccc(-c5ccc6[nH]c(=O)cc(O)c6c5)nc4n3CC3CC3)n(C)c12,1,Plain-GCN,33.49894332885742,-4.861209392547607
31,CCCN=C1N(C)C[C@@H]2[C@@H]3C(=O)N(Cc4ccccc4)C(=O)[C@@H]3[C@](Cc3ccccc3)(C(=O)OC)N12.O=C(O)C(F)(F)F,0,Plain-GCN,-15.899956703186035,10.975208282470703
32,CCCc1nc([N+](=O)[O-])c(S(=O)(=O)c2ccccc2)n1CC(C)C,0,Plain-GCN,-19.767107009887695,-6.52097225189209
33,Cc1ccc2c(c1)N(C(C)C(=O)NCc1ccccn1)C(=O)CO2,0,Plain-GCN,-8.517918586730957,6.632567882537842
34,CCOC(=O)C1CCCN(C(=S)Nc2cc(C)cc(C)c2)C1,0,Plain-GCN,-25.201839447021484,-1.6768933534622192
35,OCCC1CN(CCCc2ccccc2)CCN1Cc1ccccc1,0,Plain-GCN,-16.033702850341797,4.227263450622559
36,COc1cc(C(=O)N2CC3CCC2[C@@H]3N)cc2nc(-c3cc4ccc(Nc5cncnc5)cc4n3CC3CC3)n(C)c12,1,Plain-GCN,40.94963073730469,5.759318828582764
37,CN1C2C=C3C(C#N)=C(N)C(C#N)(C#N)[C@@H](c4cccs4)C3C1CC2,0,Plain-GCN,-18.56810188293457,13.713089942932129
38,CCOc1ccccc1NC(=S)NCc1ccccc1,0,Plain-GCN,0.9210814833641052,-9.67762565612793
39,CCCCNC(=O)CCC(=O)Nc1ccc2nc(N3CCN(C)CC3)cc(C)c2c1,0,Plain-GCN,-21.83343505859375,4.035393238067627
40,COc1cc(C(=O)N2C[C@H](N)C[C@@H](F)C2)cc2nc(-c3cc4ccc(C(=O)NC5CCC(=O)NC5=O)nc4n3CC3CC3)n(C)c12,1,Plain-GCN,39.094688415527344,-3.230778932571411
41,CC(C)=N/N=C(/c1ccc([N+](=O)[O-])cc1)C12CN3CN(CN(C3)C1)C2,0,Plain-GCN,-31.546464920043945,3.973132371902466
42,CNC(=O)Nc1ccccc1NC(=O)NC,0,Plain-GCN,6.61033821105957,-8.315133094787598
43,Cc1c(NC(=O)CN2CCCc3ccccc32)c(=O)n(-c2ccccc2)n1C,0,Plain-GCN,-10.958587646484375,4.311328887939453
44,COc1ccc(C2CC(c3ccc(C)cc3)Nc3ncnn32)cc1,0,Plain-GCN,-5.680211067199707,6.19862174987793
45,COc1cc(C(=O)N2CC3CCC2[C@@H]3N)cc2nc(-c3cc4ccc(C5C=CC6=NC(=O)NC6=C5)nc4n3CC3CC3)n(C)c12,1,Plain-GCN,42.73373031616211,-1.9873244762420654
46,Nn1c(SCC(=O)Nc2cc(C(F)(F)F)ccc2Cl)nncc1=O,0,Plain-GCN,-10.89762020111084,-5.958096981048584
47,COc1ccc(C2CC(c3ccc(Br)cc3)=NN2C(=O)c2cccnc2)cc1,0,Plain-GCN,-8.201987266540527,6.448418140411377
48,Cc1cc(N/N=C/c2ccc(O)cc2O)nc(-c2ccccc2O)n1,0,Plain-GCN,0.8305933475494385,-12.162965774536133
49,COc1cc(-c2ccc3cc(-c4nc5cc(C(=O)N6CC7CCC6[C@@H]7N)cc(OC)c5n4C)n(CC4CC4)c3c2)c(F)cc1O,1,Plain-GCN,42.915409088134766,6.375212669372559
50,Cc1ccc(NC2=C/C(=N/S(=O)(=O)c3cccs3)c3ccccc3C2=O)cc1,0,Plain-GCN,4.061347484588623,-3.121851682662964
51,COc1cc(C(=O)N2CC3CCC2[C@@H]3N)cc2nc(-c3cc4ccc(-c5ccc6c(c5)C(=O)CS(=O)(=O)N6C)cc4n3CC3CC3)n(C)c12,1,Plain-GCN,42.67921447753906,1.046324610710144
52,COc1cc(C(=O)N2CC3CCC2[C@@H]3N)cc2nc(-c3cc4ccc(Nc5cnc(C#N)nc5)nc4n3CC3CC3)n(C)c12,1,Plain-GCN,39.66342544555664,5.718861103057861
53,C=CCn1c(SCC(=O)N2CCOCC2)nc2sc3c(c2c1=O)CCCC3,0,Plain-GCN,-31.205663681030273,-0.3672795295715332
54,COc1cc(C(=O)N2C[C@H](N)C[C@@H](F)C2)cc2nc(-c3cc4ccc(C5=CC6=NC(=O)NC6N=C5)cc4n3CC3CC3)n(C)c12,1,Plain-GCN,41.05269241333008,-2.8296878337860107
55,O=C(Nc1ccc(F)cc1F)c1c(C(F)(F)F)ccnc1Oc1ccccc1,0,Plain-GCN,-3.890864849090576,-3.085771083831787
56,CCC1CCCCN1C(=O)CCNS(=O)(=O)c1ccc2c(c1)oc(=O)n2C,0,Plain-GCN,-23.241941452026367,0.9838955998420715
57,S=c1nccc(-c2ccc3c(c2)CCO3)[nH]1,0,Plain-GCN,-7.017058372497559,-7.571202754974365
58,COc1cc(C(=O)N2C[C@H](N)CC[C@@H]2C)cc2nc(-c3cc4ccc(-c5ccc(C(N)=O)c(F)c5)nc4n3CC3CC3)n(C)c12,1,Plain-GCN,31.087133407592773,0.025340408086776733
59,Cc1ccc(Nc2ncccc2C(N)=O)cc1,0,Plain-GCN,3.921232223510742,-8.447951316833496
60,CCOc1ccccc1NC(=O)CSc1nc(=O)n(Cc2ccncc2)c2c1CCC2,0,Plain-GCN,-16.417871475219727,-4.47755765914917
61,COc1ccc(NC2=NC(=S)N(c3ccc(C)cc3)C23CCCCC3)cc1,0,Plain-GCN,-17.865121841430664,3.8229610919952393
62,COc1ccc(-n2ncc3c2CC(C)(C)CC3NC(=O)C2CCN(C(C)=O)CC2)cc1,0,Plain-GCN,-14.678171157836914,7.098954200744629
63,Cc1ccc(/C=N/c2sc3c(c2C(N)=O)CCCC3)o1,0,Plain-GCN,-23.182010650634766,-4.430642604827881
64,COc1cc(C(=O)N2CC3CCC2[C@@H]3N)cc2nc(-c3cc4ccc(N5CCC6(CC5)CNC6=O)nc4n3CC3CC3)n(C)c12,1,Plain-GCN,46.77156448364258,0.9436250329017639
65,CC1N=C2c3ccccc3N=C(SCc3cc(=O)n4cc(Cl)ccc4n3)N2C1=O,0,Plain-GCN,-12.588674545288086,5.277957439422607
66,COc1cc(C(=O)N2CC3CCC2[C@@H]3N)cc2nc(-c3cc4ccc(-c5cnc6[nH]c(=O)ccc6c5)cc4n3CC3CC3)n(C)c12,1,Plain-GCN,41.781734466552734,6.639777183532715
67,Cc1ccc(C(=O)NCC(=O)OCC(=O)c2c(N)n(C)c(=O)n(C)c2=O)s1,0,Plain-GCN,-20.00068473815918,3.692517042160034
68,COc1cc(C(=O)N2CC3CCC2[C@@H]3N)cc2nc(-c3cc4ccc(Nc5ccnc(C#N)c5)nc4n3CC3CC3)n(C)c12,1,Plain-GCN,39.33549118041992,6.153565406799316
69,O=C(O)CSCC(=O)N1CCN(c2nc3cc(Cl)ccc3s2)CC1,0,Plain-GCN,-30.117082595825195,2.5697388648986816
70,COc1cc(C(=O)N2CC3CCC2[C@@H]3N)cc2nc(-c3cc4ccc(-c5ccc(C(=O)Nc6ccncc6)cc5)cc4n3CC3CC3)n(C)c12,1,Plain-GCN,40.16497802734375,8.10115909576416
71,O=C(Oc1ccc(Br)cc1)c1cccnc1,0,Plain-GCN,-1.7802600860595703,-13.450298309326172
72,COc1cc(C(=O)N2C[C@H](N)C[C@@H](F)C2)cc2nc(-c3cc4ccc(-c5ccn(C)c(=O)c5)nc4n3CC3CC3)n(C)c12,1,Plain-GCN,33.53169250488281,-2.8958072662353516
73,COc1ccc(C2C3=C(N=C4SCC(=O)N42)c2ccccc2CC3)cc1OC,0,Plain-GCN,-15.139607429504395,11.382017135620117
74,Fc1ccc(-c2ccc(Nc3cccc(F)c3)nn2)cc1,0,Plain-GCN,4.808506488800049,-7.347042560577393
75,S=c1[nH]nc(-c2ccc3ccccc3n2)n1-c1ccc2c(c1)OCCO2,0,Plain-GCN,-6.038485527038574,-9.130133628845215
76,CC1(C)CC(NC(=O)N2c3ccccc3Sc3ccccc32)CC(C)(C)N1,0,Plain-GCN,3.5118608474731445,-0.5293167233467102
77,Cc1c(-c2cc3ccccc3n2Cc2ccoc2)nc2cc(C(=O)N3CCC[C@@H](N)C3)ccn12,1,Plain-GCN,25.867250442504883,3.659825563430786
78,Cc1cccc(C)c1NC(=O)CSc1nnc(C2CCCCC2)o1,0,Plain-GCN,-14.464495658874512,-5.992930889129639
79,COc1cc(C(=O)N2CC3CCC2[C@@H]3N)cc2nc(-c3cc4ccc(-c5[nH]ccc(=O)c5F)nc4n3CC3CC3)n(C)c12,1,Plain-GCN,35.598472595214844,5.610928535461426
80,COc1cc(C(=O)N2CC3CCC2[C@@H]3N)cc2nc(-c3cc4ccc(-c5ccc(N6CCCC(O)C6=O)c(F)c5)nc4n3CC3CC3)n(C)c12,1,Plain-GCN,38.71402359008789,3.1396563053131104
81,COc1ccc(N)cc1-n1c(C)ccc1C,0,Plain-GCN,7.8808088302612305,-6.219580173492432
82,Cc1cc(C)n(/N=C/c2cccs2)c(=O)c1C#N,0,Plain-GCN,-9.689102172851562,-0.8348691463470459
83,COc1ccc(C(=O)CSC#N)cc1OC,0,Plain-GCN,-8.220662117004395,13.919788360595703
84,O=C1OCCN1C(=O)[C@H]1[C@H](c2ccc(Cl)cc2)C(c2ccc(F)cc2)=NN1c1ccccc1,0,Plain-GCN,-11.031745910644531,6.376720428466797
85,CCOC(=O)c1[nH]c2c(c1-c1ccccc1)C(=O)CC(c1ccc(Cl)cc1)C2,0,Plain-GCN,-11.147140502929688,8.167933464050293
86,COc1cc(C(=O)N2CCC[C@@H](N)C2)cc2nc(-c3ccc(C(=O)N(Cc4ccccc4)c4ccccc4)n3CC3CC3)n(C)c12,0,Plain-GCN,24.177288055419922,2.9493322372436523
87,CC(=O)Nc1cccc(-c2nnc(-c3ccccc3)o2)c1,0,Plain-GCN,0.6190620064735413,-12.498817443847656
88,O=C1CCC(C(=O)OC(C(=O)c2c[nH]c3ccccc23)c2ccccc2)=NN1,0,Plain-GCN,-10.196446418762207,6.47564172744751
89,O=C(CSS(=O)(=O)[O-])N1CCN(C(=O)c2ccoc2)CC1.[Na+],0,Plain-GCN,-31.293323516845703,1.7034920454025269
90,O=C(COc1ccc(F)cc1)N/N=C/c1cccc2cccnc12,0,Plain-GCN,2.7363455295562744,-5.912977695465088
91,COc1cc(C(=O)N2CC3CCC2[C@@H]3N)cc2nc(-c3cc4ccc(-c5ccc(CC(N)=O)cc5)nc4n3CC3CC3)n(C)c12,1,Plain-GCN,40.36958694458008,2.6498560905456543
92,COc1ccc(CN2CC[C@H]3C=CCc4cccc(c43)C2)cc1,0,Plain-GCN,-3.107740879058838,6.312804698944092
93,COc1ccc(/C=N\N=C(N)N)cc1.O=[N+]([O-])O,0,Plain-GCN,-13.791979789733887,-11.592426300048828
94,COc1cccc(/C=N/NC(=O)c2cnn(-c3ccccc3)c2N)c1,0,Plain-GCN,2.6568756103515625,-6.798954486846924
95,COc1cc(C(=O)N2CC3CCC2[C@@H]3N)cc2nc(-c3cc4ccc(-c5cnc(C(N)=O)c(F)c5)nc4n3CC3CC3)n(C)c12,1,Plain-GCN,41.86834716796875,3.0658109188079834
96,COc1cccc(Cn2c(-c3nc4cc(C(=O)N5CCC[C@@H](N)C5)ccn4c3C)cc3cc(F)ccc32)c1,1,Plain-GCN,27.039945602416992,4.019624710083008
97,Cc1noc(NC(=O)c2ccc(Cl)cc2)c1Cl,0,Plain-GCN,-5.849775314331055,-12.367345809936523
98,CCOC(=O)CSC1=NC(=O)/C(=C\c2ccc(OC(C)=O)cc2)S1,0,Plain-GCN,-21.49177360534668,-2.8640902042388916
99,C=CCn1sc(N)c(C(=O)OCC)c1=S,0,Plain-GCN,-25.197872161865234,-6.259538173675537
100,CC(c1nc2ccccc2s1)N(C)C(=O)c1ccccc1F,0,Plain-GCN,5.381790637969971,-11.928869247436523
101,COCCn1c(C)cc(C(=O)COC(=O)c2ccc(N3CCCC3=O)cc2)c1C,0,Plain-GCN,-21.73255157470703,4.5991716384887695
102,CC1CCC2(CC1)SCC(=O)N2c1ccc(F)cc1,0,Plain-GCN,-23.390878677368164,8.638571739196777
103,O=C1C(Cl)=C(N2CCOCC2)C(=O)N1c1cccc(C(F)(F)F)c1,0,Plain-GCN,-18.949188232421875,11.297513961791992
104,COc1ncc(-c2ccc3cc(-c4nc5cc(C(=O)N6CC7CCC6[C@@H]7N)cc(OC)c5n4C)n(CC4CC4)c3n2)cc1O,1,Plain-GCN,38.640769958496094,4.400782108306885
105,COc1cc(C(=O)N2C[C@H](N)C[C@@H](F)C2)cc2nc(-c3cc4ccc(-c5cccc(O)c5F)nc4n3CC3CC3)n(C)c12,1,Plain-GCN,34.06902313232422,-3.4903080463409424
106,CC(C)c1nccn1CCN1C(=O)NC(C)(C)C1=O,0,Plain-GCN,-2.494351863861084,3.7372074127197266
107,CC(C)C(=O)N(c1cc2sc(=O)oc2c2ccccc12)S(=O)(=O)c1cccs1,0,Plain-GCN,-7.436369895935059,-10.57694149017334
108,Cc1oc2c(c1C(=O)NCc1cccnc1)C(=O)c1ccccc1C2=O,0,Plain-GCN,-8.874604225158691,10.7405366897583
109,COc1cc(C(=O)N2C[C@H](N)C[C@@H](F)C2)cc2nc(-c3cc4ccc(-c5cc(Cl)c(O)cc5C)nc4n3CC3CC3)n(C)c12,1,Plain-GCN,32.952117919921875,-3.870607614517212
110,Cc1cccc(NC(=S)N2CCCCCC2)c1,0,Plain-GCN,-25.048803329467773,-1.6001495122909546
111,CCC1c2ccc(C)n2CCN1C(=O)Nc1cc(Cl)ccc1OC,0,Plain-GCN,-6.553624629974365,7.734027862548828
112,CC1CC(C)(C)NC(=S)N1CC(=O)N1CCN(Cc2ccccc2)CC1,0,Plain-GCN,-29.61016845703125,5.779764652252197
113,COc1cc(C(=O)N2C[C@H](N)C[C@@H](F)C2)cc2nc(-c3cc4ccc(-c5ccc(N6CCCC(O)C6=O)cc5)nc4n3CC3CC3)n(C)c12,1,Plain-GCN,33.22556686401367,-0.32920902967453003
114,Cc1cccc(-n2cc[nH]c2=S)c1,0,Plain-GCN,2.1509385108947754,-15.041342735290527
115,CC(C)(C)NC(=O)/C(=C/c1ccccc1F)NC(=O)c1ccc([N+](=O)[O-])cc1,0,Plain-GCN,3.765998125076294,2.2063851356506348
116,COc1cccc(C2CC(c3cccs3)=NN2C(=O)CSC2=NCCS2)c1OC,0,Plain-GCN,-21.25286293029785,7.557741165161133
117,O=C(O)c1ccc(Cl)c2c1C1C=CCC1C(c1ccccn1)N2,0,Plain-GCN,-4.857668399810791,8.509007453918457
118,CCOC(=O)Cn1c(=NC(=O)CSC(C)=O)sc2ccccc21,0,Plain-GCN,-21.916601181030273,-2.611638069152832
119,O=[N+]([O-])c1ccc(Sc2nccn2Cc2ccccc2)c([N+](=O)[O-])c1,0,Plain-GCN,-2.841125249862671,-9.9104642868042
120,CCCN(Cc1nnc(-c2ccccc2Cl)o1)C(=O)c1cccc(S(=O)(=O)N2CCOCC2)c1,0,Plain-GCN,-22.366044998168945,-0.5111232399940491
121,COc1ccc2cc(-c3nc4cc(C(=O)N5CCC[C@@H](N)C5)ccn4c3C)n(Cc3ccc(F)cc3)c2c1,1,Plain-GCN,26.822107315063477,3.7125966548919678
122,CCN(CC)c1ccc(N=Cc2cc(Br)ccc2O)cc1,0,Plain-GCN,-7.0520853996276855,4.260426998138428
123,N#Cc1ccc(C23CC4(C2)[C@H](CN(P(=O)(c2ccccc2)c2ccccc2)[C@@H]4c2ccccc2)C3c2ccc(Cl)nc2)cc1,0,Plain-GCN,-8.253531455993652,0.7462758421897888
124,COc1ccc(-c2nc3ccccc3n2OC(=O)N(C)C)cc1,0,Plain-GCN,2.71832013130188,-10.939053535461426
125,N=C(CCl)NCCCc1cn(Cc2ccccc2)c2ccccc12,1,Plain-GCN,24.357797622680664,4.276586055755615
126,O=c1c2ccccc2nc(/C=C/c2ccc(Br)cc2)n1CCO,0,Plain-GCN,3.4091765880584717,-10.648911476135254
127,COc1cc(C(=O)N2C[C@H]3CC[C@@H]2[C@@H]3N)cc2nc(-c3cc4ccc(C5COC5)nc4n3CC3CC3)n(C)c12,1,Plain-GCN,29.073598861694336,-0.21053704619407654
128,CC(=O)Oc1ccc(N(C(C)=O)S(=O)(=O)c2ccc(C)c([N+](=O)[O-])c2)cc1,0,Plain-GCN,-12.390137672424316,-10.949396133422852
129,COc1cc(C(=O)N2CC3CCC2[C@@H]3N)cc2nc(-c3cc4ccc(-c5cccc(S(N)(=O)=O)c5)nc4n3CC3CC3)n(C)c12,1,Plain-GCN,39.24311828613281,1.5459364652633667
130,COc1cc(C(=O)N2C[C@H](N)C[C@@H](F)C2)cc2nc(-c3cc4ccc(-c5ccc(C6CNC(=O)N6)cc5)nc4n3CC3CC3)n(C)c12,1,Plain-GCN,37.650657653808594,-1.2209535837173462
131,CCn1c(-c2cnn(-c3ccccc3)c2C2CC2)nc2cc(C(=O)N3CCC[C@@H](N)C3)ccc21,0,Plain-GCN,22.026233673095703,2.3026087284088135
132,Cn1c(=O)c(C(=O)Nc2ccccc2S(N)(=O)=O)c(O)c2ccccc21,0,Plain-GCN,-0.05903111398220062,-4.407894134521484
133,CC(=O)Nc1cccc(NC=C(C#N)C#N)c1,0,Plain-GCN,2.3426482677459717,4.609940528869629
134,Cc1nn(CC(=O)N2CCOCC2)c(=O)c2ccccc12,0,Plain-GCN,-28.142257690429688,1.4658008813858032
135,CCOC(=O)c1c2c3c(cccc3n(C)c1=O)C(=O)c1ccccc1-2,0,Plain-GCN,-13.011695861816406,10.691468238830566
136,O=C(NCc1cccnc1)c1ccc(Cl)cc1[N+](=O)[O-],0,Plain-GCN,-2.3443753719329834,-8.19981861114502
137,CCOc1ccc(-c2cc(C(=O)NCCCN3CCN(CC)CC3)c3ccccc3n2)cc1,0,Plain-GCN,-18.785846710205078,2.1081812381744385
138,COc1cc(C(=O)N2C[C@H](N)C[C@@H](F)C2)cc2nc(-c3cc4ccc(-c5c(F)ccc(O)c5Cl)nc4n3CC3CC3)n(C)c12,1,Plain-GCN,34.434207916259766,-4.040252208709717
139,COC(=O)Nc1ccc(-c2ccc3cc(-c4nc5cc(C(=O)N6CC7CCC6[C@@H]7N)cc(OC)c5n4C)n(CC4CC4)c3c2)cc1,1,Plain-GCN,40.582515716552734,7.225731372833252
140,CCOc1ccc(S(=O)(=O)Nc2nc3ccccc3nc2Nc2ccc(N3CCOCC3)cc2)cc1,0,Plain-GCN,-3.77108097076416,-7.244034767150879
141,COc1ccccc1NC(=S)N1CCN(c2ccccn2)CC1,0,Plain-GCN,-18.409934997558594,-4.148914813995361
142,CCOC(=O)c1sc(-c2ccccc2)cc1NC(=O)c1ccc(S(=O)(=O)N(CCOC)CCOC)cc1,0,Plain-GCN,-14.805319786071777,-2.7166240215301514
143,Cn1c(-c2ccc(Cc3ccccc3)n2CC2CC2)nc2cc(C(=O)N3CCC[C@@H](N)C3)cnc21,1,Plain-GCN,25.689207077026367,2.285521984100342
144,CC1=C(C(=O)OC2CCCCC2)C(c2ccc(C)o2)C2=C(CC(C)(C)CC2=O)N1,0,Plain-GCN,-19.730777740478516,11.488903045654297
145,CC(C)N1OC2CC1c1nc3ccccc3n1C2,0,Plain-GCN,-6.935196876525879,2.1417629718780518
146,Cl.O=C(NC1CCN(Cc2ccccc2)CC1)c1cccc(S(=O)(=O)Nc2ccc(SC(F)F)cc2)c1,0,Plain-GCN,1.3691397905349731,-1.181617259979248
147,N#Cc1cccc(CS(=O)(=O)c2ccc(Cl)cc2)c1,0,Plain-GCN,0.06667188555002213,-2.6938352584838867
148,CCOc1cc2c(cc1/C=C/c1noc(C)c1[N+](=O)[O-])OC(C)C2,0,Plain-GCN,-18.88262176513672,0.5269599556922913
149,O=C(O)c1ccccc1CSc1nc2ccccc2s1,0,Plain-GCN,-4.353921890258789,-15.148397445678711
150,CCC(C)N=CC1=C(O)CC(c2ccccc2)CC1=O,0,Plain-GCN,-15.506180763244629,8.70019817352295
151,O=C(CSc1nc2ccccc2[nH]1)NCCN1CCCCC1,0,Plain-GCN,-21.69553565979004,-0.8133623600006104
152,COc1cc(C(=O)N2CC3CCC2[C@@H]3N)cc2nc(-c3cc4ccc(C5=CC6NC(=O)N=C6N=C5)cc4n3CC3CC3)n(C)c12,1,Plain-GCN,43.109169006347656,-1.5199843645095825
153,CCn1ncc(Br)c1C(=O)Nc1ccc(C(C)C)cc1,0,Plain-GCN,-9.068655967712402,2.661074638366699
154,CC(=O)Nc1ccc(SCC(=O)NC(=O)c2ccc(S(=O)(=O)N(C)C)cc2)cc1,0,Plain-GCN,0.5616812705993652,-1.1877822875976562
155,COc1cc(C(=O)N2C[C@H](N)C[C@@H](F)C2)cc2nc(-c3cc4ccc(N5CCC6(CC5)CN(C)C(=O)O6)cc4n3CC3CC3)n(C)c12,1,Plain-GCN,47.459381103515625,0.23129567503929138
156,Cc1c(-c2cc3ccccc3n2Cc2ccc(F)cn2)nc2cc(C(=O)N3CCC[C@@H](N)C3)ccn12,1,Plain-GCN,26.509197235107422,3.431626796722412
157,Cc1cccc(CN2CCN(Cc3cnn(-c4ccccc4F)c3)CC2CCO)n1,0,Plain-GCN,-15.762994766235352,3.225693464279175
158,COc1ccc2[nH]cc(CCNC(=O)Nc3ccccc3)c2c1,0,Plain-GCN,3.3562774658203125,-6.65749454498291
159,CCn1c(-c2cnc(-c3ccccc3)n2CC2CC2)nc2cc(C(=O)N3CCC[C@@H](N)C3)ccc21,1,Plain-GCN,25.37291717529297,2.599306344985962
160,Cc1ccccc1C(=O)NCC(=O)Nc1ccccc1C(F)(F)F,0,Plain-GCN,3.6714441776275635,-3.6466972827911377
161,O=C1CN(C(=O)COc2ccc([N+](=O)[O-])cc2Cl)c2ccccc2N1,0,Plain-GCN,-15.117034912109375,-9.054442405700684
162,COC(=O)C1=CC(=O)N=C2C=CC(c3ccc4cc(-c5nc6cc(C(=O)N7CC8CCC7[C@@H]8N)cc(OC)c6n5C)n(CC5CC5)c4c3)C=C12,1,Plain-GCN,43.18964385986328,-2.80971622467041
163,COC(=O)c1cn(-c2ccccc2)c(C)c1C(=O)OC,0,Plain-GCN,-8.7701997756958,10.80478572845459
164,CCN(CC(=O)Nc1c(F)cccc1F)C(=O)Cc1ccc(OC)c(S(=O)(=O)N2CCOCC2)c1,0,Plain-GCN,-22.36109161376953,1.6550284624099731
165,COc1cc(C(=O)N2C[C@H](N)C[C@@H](F)C2)cc2nc(-c3cc4ccc(-c5c(C)ccc(O)c5C)nc4n3CC3CC3)n(C)c12,1,Plain-GCN,32.25767135620117,-3.7544848918914795
166,Cc1ccc(-n2ncc(C#N)c2/N=C/N2CCN(C)CC2)cc1,0,Plain-GCN,-27.664400100708008,-0.9499084949493408
167,O=C(COC(=O)c1ccccc1SCC(=O)N1CCCC1)Nc1ccc(OC(F)F)cc1,0,Plain-GCN,-20.26079559326172,-1.8762904405593872
168,CC1CCN(c2nc3c(=O)[nH]c(N)nc3n2[C@@H]2O[C@H](CO)[C@@H](O)[C@H]2O)CC1,0,Plain-GCN,-24.916004180908203,0.9766838550567627
169,CN(c1ccc(C(=O)NCCCn2ccnc2)cc1)S(C)(=O)=O,0,Plain-GCN,5.389043807983398,2.9700896739959717
170,Cn1c(-c2cc3ccc(-c4ccc5[nH]c(=O)[nH]c(=O)c5c4)cc3n2CC2CC2)nc2cc(C(=O)N3C[C@H](N)C[C@@H](F)C3)cc(F)c21,1,Plain-GCN,33.322509765625,-5.8198113441467285
171,COc1cc(C(=O)N2CC3CCC2[C@@H]3N)cc2nc(-c3cc4ccc(-c5cccc(C(N)=O)c5F)nc4n3CC3CC3)n(C)c12,1,Plain-GCN,40.23794174194336,3.6906955242156982
172,Cc1cc(C(=O)Nc2ccc3c(c2)CCC3)ccc1[N+](=O)[O-],0,Plain-GCN,0.042608592659235,6.220676898956299
173,CCCCOc1ccc(CSc2nc(C)[nH]c2[N+](=O)[O-])cc1[N+](=O)[O-],0,Plain-GCN,-17.391101837158203,-9.779549598693848
174,CC(C)c1oc(=O)cc2c1[C@@H](O)[C@H]1OC(=O)[C@@]3(C)CC[C@@H](O)[C@@]2(C)C13,0,Plain-GCN,-19.95892333984375,14.355807304382324
175,CCc1cc2c(SCC(=O)Nc3cc(C)on3)ncnc2s1,0,Plain-GCN,-12.853011131286621,-6.0211405754089355
176,COc1cc(C(=O)N2CC3CCC2[C@@H]3N)cc2nc(-c3cc4ccc(Nc5ccc(N)cc5)nc4n3CC3CC3)n(C)c12,1,Plain-GCN,38.97608947753906,7.481836318969727
177,C=CCn1c(SCC(=O)Nc2nc3ccccc3s2)nc(O)c(CC)c1=O,0,Plain-GCN,-11.840469360351562,-7.693731307983398
178,COc1cc(C(=O)N2CC3CCC2[C@@H]3N)cc2nc(-c3cc4ccc(CCN5CCOC5=O)cc4n3CC3CC3)n(C)c12,1,Plain-GCN,46.93055725097656,1.465336561203003
179,COc1cc(-c2ccc3cc(-c4nc5cc(C(=O)N6C[C@H](N)C[C@@H](F)C6)cc(OC)c5n4C)n(CC4CC4)c3n2)c(F)cc1CO,1,Plain-GCN,35.9608268737793,-3.499694347381592
180,Cn1c(-c2ccc(-c3ccccc3)n2CC2CC2)nc2cc(C(=O)N3CC[C@@H]4CCN[C@@H]4C3)ccc21,1,Plain-GCN,24.385879516601562,2.115835666656494
181,O=C1NC(=O)/C(=C/c2ccc(OS(=O)(=O)c3ccc(F)cc3F)cc2)N1,0,Plain-GCN,-1.6564223766326904,-1.6470214128494263
182,COc1cc(C(=O)N2CC3CCC2[C@@H]3N)cc2nc(-c3cc4ccc(Nc5ccc6c(c5)CCC(=O)N6)nc4n3CC3CC3)n(C)c12,1,Plain-GCN,38.43035888671875,6.22263240814209
183,Cc1ccc(CN2CCc3c(OCc4ccc(F)cc4)cccc3C2=O)cc1,0,Plain-GCN,-3.434051752090454,6.040157794952393
184,COc1ccc(C(=O)C[n+]2ccc3c(c2)nc(-c2ccccc2)n3C)cc1.[Br-],0,Plain-GCN,6.20525598526001,-6.293467998504639
185,CCCOC(=O)C(C)n1cnc2scc(-c3ccc(C)cc3)c2c1=O,0,Plain-GCN,-11.336700439453125,7.635039806365967
186,Cc1ccc(-c2nn(-c3ccccn3)c(=O)c3ccccc23)cc1C,0,Plain-GCN,5.133874416351318,-12.931930541992188
187,COc1cc(C(=O)N2C[C@H](N)C[C@@H](F)C2)cc2nc(-c3cc4ccc(N5CCC6(CC5)CNC(=O)O6)cc4n3CC3CC3)n(C)c12,1,Plain-GCN,47.382789611816406,0.3410257399082184
188,COc1cc(C(=O)N2CC3CCC2[C@@H]3N)cc2nc(-c3cc4ccc(C5C=CC6=NC(=O)C=C(CO)C6=C5)nc4n3CC3CC3)n(C)c12,1,Plain-GCN,42.7216682434082,-2.555619955062866
189,Brc1ccc(-c2csc3[n+]2CCCCC3)cc1.[Br-],0,Plain-GCN,-13.23781967163086,0.23752619326114655
190,CCCCCn1c(=O)c2ccccc2n2c(=S)[nH]nc12,0,Plain-GCN,-22.97099494934082,-7.440306186676025
191,CN(C)c1ccc2cc(C(=O)N[C@@H](CCCN=C(N)CCl)C(=O)NCc3ccccc3)ccc2c1,1,Plain-GCN,4.26838493347168,4.026051044464111
192,CNc1ccccc(-c2ccc3cc4c(cc3n2)OCO4)c1=O,0,Plain-GCN,-5.264212608337402,-7.888401031494141
193,CC(C)NC(=O)CSc1c2c(nc3ccccc13)CCCC2,0,Plain-GCN,-13.180503845214844,1.065801739692688
194,COc1cc(C(=O)N2CC3CCC2[C@@H]3N)cc2nc(-c3cc4ccc(-c5ccc(C(N)=O)c(F)c5)nc4n3CC3CC3)n(C)c12,1,Plain-GCN,41.19395065307617,3.1182973384857178
195,COC(=O)c1cc(-c2ccc3cc(-c4nc5cc(C(=O)N6C[C@H](N)C[C@@H](F)C6)cc(OC)c5n4C)n(CC4CC4)c3n2)n(C)n1,1,Plain-GCN,34.354984283447266,-1.8907827138900757
196,CCn1c(C(=O)NCc2cccnc2)cc2sc(Cl)cc21,0,Plain-GCN,-6.788697242736816,-3.6493256092071533
197,CC(/C=C/c1ccc(N(C)C)cc1)=N/N=C1/NC(=O)CC(C(=O)Nc2ccc(Cl)cc2)S1,0,Plain-GCN,-5.433518886566162,3.404917001724243
198,COC(=O)Cc1cnc(NC(=O)CSc2nc(C(C)C)cc(=O)[nH]2)s1,0,Plain-GCN,-13.97902774810791,-6.0460004806518555
199,O=C(Cc1cccs1)NNC(=S)NC(=O)c1ccc(F)c(F)c1,0,Plain-GCN,2.5332305431365967,3.0422418117523193
200,COc1cc(C(=O)N2CC3CCC2[C@@H]3N)cc2nc(-c3cc4ccc(-c5ccc6c(c5)C(=O)NCC6)nc4n3CC3CC3)n(C)c12,1,Plain-GCN,41.80958557128906,2.234729290008545
201,COc1cc(C(=O)N2CC3CCC2[C@@H]3N)cc2nc(-c3cc4ccc(C(C)O)cc4n3CC3CC3)n(Cc3cnn(C)c3)c12,1,Plain-GCN,44.51683044433594,6.62345552444458
202,Cc1cc(C)c(Nc2cc(S(=O)(=O)[O-])c(N)c3c2C(=O)c2ccccc2C3=O)c(C)c1.[Na+],0,Plain-GCN,-11.480772018432617,10.367823600769043
203,CCCc1c(-c2nc3cc(C(=O)N4CCC[C@@H](N)C4)ccc3n2C)cnn1-c1ccccc1,0,Plain-GCN,21.459110260009766,2.2735378742218018
204,Cc1ccc(OCCC(=O)NNC(=O)c2cc(C)oc2C)cc1,0,Plain-GCN,-7.6716485023498535,4.196441173553467
205,CC1(C)NC(=O)N(CCc2nn[nH]n2)C1=O,1,Plain-GCN,6.946054935455322,3.6189465522766113
206,CCOC(=O)c1sc(NC(=O)CSc2nc(O)c(Cc3ccccc3)c(=O)[nH]2)nc1C,0,Plain-GCN,-11.991395950317383,-7.723441123962402
207,NS(=O)(=O)c1ccc(S(=O)(=O)c2ccccc2)nc1,0,Plain-GCN,-1.9491875171661377,-5.344559669494629
208,Nc1nnc2c(n1)CCCC2,0,Plain-GCN,-31.133485794067383,-2.3288447856903076
209,O=C(COc1ccccc1)Nc1nc(-c2ccc(S(=O)(=O)N3CCOCC3)cc2)cs1,0,Plain-GCN,-15.181168556213379,-3.3156142234802246
210,CN1CN(C)c2ccc([N+](=O)[O-])c3cccc1c23,0,Plain-GCN,-12.389739036560059,8.897055625915527
211,COc1cc(C(=O)N2C[C@H](N)C[C@@H](F)C2)cc2nc(-c3cc4ccc(-c5ccc6c(c5)C(=O)NCC(=O)N6)nc4n3CC3CC3)n(C)c12,1,Plain-GCN,37.41582107543945,-2.063243865966797
212,CCOC(=O)CSc1cc(C)nc2ccc(OC)cc12,0,Plain-GCN,-13.749113082885742,-5.004762649536133
213,CCc1cc(NC(C)=O)ncc1-c1ccc2cc(-c3nc4cc(C(=O)N5C[C@H](N)C[C@@H](F)C5)cc(OC)c4n3C)n(CC3CC3)c2n1,1,Plain-GCN,35.501956939697266,-1.4737472534179688
214,O=C(NCc1ccccc1)C(c1ccccc1)N(Cc1cccs1)C(=O)c1cnccn1,0,Plain-GCN,2.6592791080474854,-8.174537658691406
215,COc1cc(C(=O)N2CC3CCC2[C@@H]3N)cc2nc(-c3cc4ccc(Oc5cc(C)nc(C)c5)nc4n3CC3CC3)n(C)c12,1,Plain-GCN,35.80517578125,7.3939080238342285
216,CC(=O)OCc1nc2ccccc2s1,0,Plain-GCN,-5.014637470245361,-15.23995590209961
217,COc1cc(C(=O)N2CC3CCC2[C@@H]3N)cc2nc(-c3cc4ccc(-c5cn(C)nc5-c5ccc(F)cc5)nc4n3CC3CC3)n(C)c12,1,Plain-GCN,36.082088470458984,3.662182569503784
218,COc1cc(/C=N/NC(=O)C(=O)/C=C2\NC(C)(C)Cc3ccccc32)ccc1O,0,Plain-GCN,3.898496150970459,3.136857748031616
219,Cc1cc(C)nc(/N=C(\N)Nc2ccc3c(c2)OCCO3)n1,0,Plain-GCN,-17.018770217895508,-5.832132816314697
220,CCN1CCN(c2ccc(N3CCN(C(=O)c4ccc(Br)o4)CC3)nn2)CC1,0,Plain-GCN,-30.512996673583984,2.6052887439727783
221,O=C(C1=C[C@H](C2CC2)C[C@H](OCCCCO)O1)N1CCN(Cc2ccc3c(c2)OCO3)CC1,0,Plain-GCN,-23.81363296508789,3.1645100116729736
222,COc1cc(C(=O)N2C[C@H]3CC[C@@H]2[C@@H]3N)cc2nc(-c3ccc(C#N)n3CC3CC3)n([C@@H](C)c3ccccn3)c12,0,Plain-GCN,27.05318832397461,1.3370907306671143
223,COc1cccc(CNS(=O)(=O)c2c(C)[nH]c(C)c2C(=O)N2CCCCC2)c1,0,Plain-GCN,-21.48565101623535,1.8017603158950806
224,COc1cc(-c2ccc3cc(-c4nc5cc(C(=O)N6C[C@H]7CC[C@@H]6[C@@H]7N)cc(OC)c5n4C)n(CC4CC4)c3n2)ccc1F,1,Plain-GCN,30.081951141357422,-0.31752169132232666
225,COc1cc(C(=O)N2CC3CCC2[C@@H]3N)cc2nc(-c3cc4ccc(N5CC6(CCS6(=O)=O)C5)cc4n3CC3CC3)n(C)c12,1,Plain-GCN,46.130313873291016,1.0399669408798218
226,COc1cc(C(=O)N2C[C@H](N)C[C@@H](F)C2)cc2nc(-c3cc4ccc(-c5ccn6nc(C)cc6n5)nc4n3CC3CC3)n(C)c12,1,Plain-GCN,33.388038635253906,-1.9748752117156982
227,CC1CCN(C(=O)C2CCN(S(=O)(=O)c3cccc4nonc34)CC2)CC1,0,Plain-GCN,-24.496620178222656,1.7779070138931274
228,COc1cc(C(=O)N2CC3CCC2[C@@H]3N)cc2nc(-c3cc4ccc(N5CCNCC5=O)cc4n3CC3CC3)n(C)c12,1,Plain-GCN,43.747928619384766,2.366391897201538
229,COc1ccc(-n2c(CNC(=O)c3ccc(S(=O)(=O)N4CCCC4)cc3)n[nH]c2=S)cc1,0,Plain-GCN,-14.218353271484375,-2.914809226989746
230,CC(=O)c1ccccc1NC(=O)CC1(CC(=O)O)CCCCC1,0,Plain-GCN,-18.693668365478516,5.5176544189453125
231,COc1cc(C(=O)NC(C)C2CC3CCC2C3)cc(OC)c1OC,0,Plain-GCN,30.901378631591797,4.580176830291748
232,COc1cc(C(=O)N2CC3CCC2[C@@H]3N)cc2nc(-c3cc4ccc(Nc5cc(=O)[nH]cn5)nc4n3CC3CC3)n(C)c12,1,Plain-GCN,37.03438186645508,7.105493068695068
233,O=C(N/C(=C/c1ccccc1F)C(=O)N1CCCCC1)c1ccccc1,0,Plain-GCN,-0.24072305858135223,3.792360782623291
234,O=C(COC(=O)c1ccc([N+](=O)[O-])s1)NNC(=O)c1ccccc1,0,Plain-GCN,-10.54565143585205,-11.277729034423828
235,Cn1c2c(c(=O)n(C)c1=O)C(CC(=O)Nc1ccccc1F)C(=O)N2,0,Plain-GCN,-12.951543807983398,6.690252304077148
236,O=C(COc1ccccc1)N/N=C/c1sc(=O)n(Cc2cccc(C(=O)O)c2)c1Cl,0,Plain-GCN,-10.328391075134277,-9.292685508728027
237,CCN(CC)C(=S)SCC(=O)c1ccc(F)cc1,0,Plain-GCN,-20.432035446166992,3.237903118133545
238,O=C(NC(=S)NNC(=O)c1ccccc1[N+](=O)[O-])c1ccc(Br)cc1,0,Plain-GCN,-0.9669317603111267,-8.772526741027832
239,CCn1c(SCC(=O)NC2=NCCS2)nnc1C(C)NC(=O)c1ccccc1F,0,Plain-GCN,-12.270496368408203,-2.9814016819000244
240,COc1cc(C(=O)N2CC3CCC2[C@@H]3N)cc2nc(-c3cc4ccc(-c5cnc(NC(C)=O)cc5Cl)nc4n3CC3CC3)n(C)c12,1,Plain-GCN,37.31064987182617,5.041045665740967
241,COc1cc(C(=O)N2C[C@H](N)C[C@@H](F)C2)cc2nc(-c3cc4ccc(C5=CC(C(F)(F)F)=CC6=NC(=O)NC56)nc4n3CC3CC3)n(C)c12,1,Plain-GCN,41.00017547607422,-3.5590198040008545
242,CCCc1cc2c(=O)c(-c3ccccn3)c(C)oc2cc1O,0,Plain-GCN,-6.634593963623047,10.822598457336426
243,O=C(NCc1csc(-c2cccs2)n1)C1CCC1,0,Plain-GCN,-9.782651901245117,-15.487383842468262
244,Cc1cc(/C=C(\C#N)c2nnc(N3CCOCC3)n2-c2ccccc2)c(C)n1-c1ccccc1,0,Plain-GCN,-11.731087684631348,4.167452335357666
245,COC1=CC(=O)c2ccccc2C1=O,0,Plain-GCN,4.212732315063477,6.547968864440918
246,COC(=O)c1ccc(NC(=O)CSc2nc3cccnc3n2C)cc1,0,Plain-GCN,-8.222203254699707,-3.6264357566833496
247,COC(=O)CNC(=O)COc1ccc(-c2ccc3cc(-c4nc5cc(C(=O)N6CC7CCC6[C@@H]7N)cc(OC)c5n4C)n(CC4CC4)c3n2)cc1,1,Plain-GCN,33.00660705566406,4.381678104400635
248,O=C1CCN2C=Nc3cccc4ccc1c2c34,0,Plain-GCN,-14.470531463623047,11.223578453063965
249,O=C(O)CCSc1ccc([N+](=O)[O-])cc1[N+](=O)[O-],0,Plain-GCN,-17.504114151000977,-10.336796760559082
250,COc1cc(C(=O)N2C[C@H](N)C[C@@H](F)C2)cc2nc(-c3cc4ccc(-c5ccc(N6CCCC6=O)cc5)nc4n3CC3CC3)n(C)c12,1,Plain-GCN,33.51896286010742,-0.28072723746299744
251,Cc1cc(OCC(=O)N2CCOCC2)ccc1NC(=O)c1ccccc1C,0,Plain-GCN,-18.1092586517334,3.559976816177368
252,CCc1c(O)nc(SCc2nc3ccccc3c(=O)[nH]2)[nH]c1=O,0,Plain-GCN,-11.192320823669434,-8.292574882507324
253,COC(=O)C1=C(N)Oc2cc(N(C)C)ccc2C1c1ccccc1OC,0,Plain-GCN,-11.393169403076172,9.82114315032959
254,Cc1ccc(C2CC(=O)Oc3cc(O)ccc32)cc1,0,Plain-GCN,-7.2007341384887695,5.578412055969238
255,Cc1ccc(C)c(-n2nnnc2SCC(=O)Nc2cccc(-c3nnc4n3CCCCC4)c2)c1,0,Plain-GCN,-12.38623332977295,-0.868343710899353
256,Cc1csc(CNc2ncnc3ccc(-c4ccc5c(c4)OCO5)cc23)c1,0,Plain-GCN,-6.372935771942139,-6.714772701263428
257,COc1cc(C(=O)N2C[C@H](N)C[C@@H](F)C2)cc2nc(-c3cc4ccc(-c5cnc(C#N)nc5)nc4n3CC3CC3)n(C)c12,1,Plain-GCN,37.81275177001953,-3.529477834701538
258,COC(=O)C(Cc1csc2ccc(Cl)cc12)NC(=O)c1ccc(Cl)cc1,0,Plain-GCN,-4.698523044586182,-4.369560241699219
259,CCN1C(=NCc2ccco2)N[C@@H](c2cccc(F)c2)C(C(=O)OC)=C1C,0,Plain-GCN,-9.576871871948242,7.8003153800964355
260,CC1(C)CC(=O)c2c(O)cc(OCC(=O)Nc3ccc(S(N)(=O)=O)cc3)cc2O1,0,Plain-GCN,-16.231977462768555,-0.9470896124839783
261,Cc1c(C(c2cccs2)c2c(C)n(C)n(-c3ccccc3)c2=O)c(=O)n(-c2ccccc2)n1C,0,Plain-GCN,6.330383777618408,-13.722350120544434
262,Cn1c(-n2nccc2-c2ccccc2)nc2cc(C(=O)N3CCC[C@@H](N)C3)ccc21,0,Plain-GCN,20.87888526916504,2.211071729660034
263,Cc1ccc(C(C)NC(=O)Cc2cccs2)cc1C,0,Plain-GCN,-5.651183128356934,5.192272663116455
264,COc1ccccc1CCC(=O)Nc1cc(S(=O)(=O)N2CCCCC2)ccc1N1CCN(C)CC1,0,Plain-GCN,-23.010116577148438,2.195082187652588
265,CC(C)CN1Cc2ccccc2Oc2cc(Br)ccc2S1(=O)=O,0,Plain-GCN,-7.806667327880859,-12.838318824768066
266,CCN(CC)S(=O)(=O)c1cc(C(=O)Oc2cccc(-c3cnc4ccccc4n3)c2)ccc1OC,0,Plain-GCN,-4.5656561851501465,-7.279964923858643
267,CCOc1ccc(C(=O)N/N=C/c2cccc3cccnc23)cc1,0,Plain-GCN,3.0579261779785156,-5.954893589019775
268,CC1(c2nnc(-c3cccc(Cl)c3)o2)CC(c2ccc(C#N)cc2)=NO1,0,Plain-GCN,-9.022416114807129,-4.433055877685547
269,O=C(NC(=S)N(Cc1ccccc1)c1ccccn1)C1CC1,0,Plain-GCN,1.3038616180419922,-8.124574661254883
270,O=C(Nc1ccc(S(=O)(=O)Nc2nccs2)cc1)C1CC(=O)N(c2ccc(Cl)cc2)C1,0,Plain-GCN,-3.3289077281951904,-5.127190589904785
271,CCCCN(Cc1ccco1)C(=O)Cn1ncc2c(=O)oc3ccc(C)cc3c21,0,Plain-GCN,-23.25360107421875,-2.650963544845581
272,COc1cc(C(=O)N2C[C@H](N)C[C@@H](F)C2)cc2nc(-c3cc4ccc(-c5ccc(C(N)=O)nc5C)nc4n3CC3CC3)n(C)c12,1,Plain-GCN,35.29644012451172,-2.1872291564941406
273,Cc1sc2nc(SCc3nc(-c4cccs4)no3)n(-c3ccccc3)c(=O)c2c1C,0,Plain-GCN,-5.897987365722656,-15.53565788269043
274,COC(=O)C1=C(C(=O)OC)C(c2ccc(OC)c(OC)c2)c2sc(=O)[nH]c2S1,0,Plain-GCN,-11.27464485168457,12.734264373779297
275,COc1cc(C(=O)N2C[C@H](N)C[C@@H](F)C2)cc2nc(-c3cc4ccc(-c5cccc(O)c5Cl)nc4n3CC3CC3)n(C)c12,1,Plain-GCN,33.78687286376953,-3.563563108444214
276,Cc1c(-c2cc3cccc(Cl)c3n2Cc2ccc(F)cc2)nc2cc(C(=O)N3CCC[C@@H](N)C3)ccn12,1,Plain-GCN,26.6756534576416,3.1054470539093018
277,CCOc1c(Br)cc(CNc2ccc(N3CCOCC3)cc2)cc1OC,0,Plain-GCN,-20.312129974365234,0.23204049468040466
278,CC(C)(C)OC(=O)NCCC(=O)N/N=C/c1cccc2nccnc12,0,Plain-GCN,5.743149280548096,2.995149612426758
279,CC(CNC(=O)C1CCCCC1C(=O)O)c1ccccc1,0,Plain-GCN,-16.548625946044922,7.328075408935547
280,COC(=O)c1cc(C(=O)OCC(=O)NCc2cccs2)cc([N+](=O)[O-])c1,0,Plain-GCN,-14.356889724731445,-9.599753379821777
281,CCCCCCCCCCCCN1[C@@H](CC(=O)O)c2cc(C(F)(F)F)ccc2S1(=O)=O,0,Plain-GCN,-24.371667861938477,3.1770389080047607
282,CCOC(=O)N1CCN(C(=O)c2c(-c3ccccc3)noc2C)CC1,0,Plain-GCN,-28.6444149017334,1.2256395816802979
283,CCn1c(N)[n+](CC(=O)Nc2ccc(SC(F)F)cc2)c2ccccc21.[Cl-],0,Plain-GCN,18.530399322509766,1.8174076080322266
284,CC1=CC(=O)C2=C(C)CC[C@@H]3[C@H](OC(=O)[C@H]3C)[C@@H]12,0,Plain-GCN,-17.58881187438965,13.445721626281738
285,CC(C)CCOc1cccc(OCC(=O)NC2CCS(=O)(=O)C2)c1,0,Plain-GCN,-16.80659294128418,0.9100539088249207
286,NNC(=O)c1ccc(N2CCc3ccccc32)c([N+](=O)[O-])c1,0,Plain-GCN,0.5760926008224487,5.59581995010376
287,COc1cc(C(=O)N2CC3CCC2[C@@H]3N)cc2nc(-c3cc4ccc(C5CNNC5OC)nc4n3CC3CC3)n(C)c12,1,Plain-GCN,45.00221252441406,5.8292765617370605
288,CCOc1ccc(N2C(=O)/C(=C/c3cc(OC)c(OC)c(OC)c3)N(CC(=O)OC)C2=S)cc1,0,Plain-GCN,-11.967397689819336,12.980995178222656
289,CN(C)S(=O)(=O)c1cc(NC(=O)CN2CCN(c3ccccc3O)CC2)ccc1Cl,0,Plain-GCN,-19.6068115234375,-2.7206897735595703
290,CNC(=O)NC1CCCCc2sccc21,0,Plain-GCN,-0.30417734384536743,8.060239791870117
291,CC1(OC(=O)C2CCCC2)C(=O)C=C2C=C(c3ccsc3)N(CC3CC3)C=C2C1=O,0,Plain-GCN,-14.242494583129883,14.545502662658691
292,COc1ccc(Oc2nnnn2-c2ccccc2)cc1,0,Plain-GCN,-2.459333658218384,-14.255436897277832
293,COc1cc(C(=O)N2CC3CCC2[C@@H]3N)cc2nc(-c3cc4ccc(-c5cnn(C)c5-c5ccc(F)cc5)nc4n3CC3CC3)n(C)c12,1,Plain-GCN,36.09603500366211,3.6095986366271973
294,CC(C)OCCCNC(=O)C1CC(=O)N(C2CCCCCCC2)C1,0,Plain-GCN,-26.333507537841797,7.344789981842041
295,COc1ccc(-n2c(C)n[nH]c2=O)cc1OC,0,Plain-GCN,-8.498246192932129,-6.723013401031494
296,COc1cc(C(=O)N2CC3CCC2[C@@H]3N)cc2nc(-c3cc4ccc(C5CNC(=O)NC5=O)nc4n3CC3CC3)n(C)c12,1,Plain-GCN,44.99406433105469,4.056478023529053
297,Cc1ccc(CC(CC(=O)NCCc2ccc3c(c2)OCO3)C(=O)O)cc1,0,Plain-GCN,-10.467902183532715,1.0692189931869507
298,O=C(CSc1nnc(CNc2ccc(Cl)cc2)n1Cc1ccccc1)NCc1ccco1,0,Plain-GCN,-3.6062674522399902,-11.731406211853027
299,Cc1ccc(S(=O)(=O)NNC(=O)C(=O)NNc2ccccn2)cc1,0,Plain-GCN,2.2057437896728516,-3.4435253143310547
300,CCOC(=O)c1[nH]c2ccc(F)cc2c1NC(=O)c1cc(OC)c(OC)c(OC)c1,0,Plain-GCN,-8.471763610839844,13.4807767868042
301,COc1cc(C(=O)N2CC3CCC2C3)cc2nc(-c3cc4ccc(N(C)C)cc4n3CC3CC3)n(C)c12,1,Plain-GCN,28.85588264465332,-1.6508557796478271
302,CCOc1ccc2nc(N/C(N)=N/C(=S)Nc3ccc(C)c(C)c3)nc(C)c2c1,0,Plain-GCN,-6.897150039672852,-0.2591197192668915
303,CCOc1cc(/C=C\c2[nH]c(=O)[nH]c(=O)c2[N+](=O)[O-])ccc1OC(C)CC,0,Plain-GCN,-16.912216186523438,-9.385109901428223
304,Cc1nc(SCC(=O)N(C)C2(C#N)CCCCC2)c2ccccc2n1,0,Plain-GCN,-27.235103607177734,1.9674674272537231
305,Cc1noc(C(F)(F)F)c1C(=O)NNC(=O)c1ccccc1,0,Plain-GCN,-4.133066177368164,-2.2309939861297607
306,COc1cc(C(=O)N2C[C@H](N)C[C@@H](F)C2)cc2nc(-c3cc4ccc(-c5ccc(C(N)=O)cc5Cl)nc4n3CC3CC3)n(C)c12,1,Plain-GCN,35.15583801269531,-3.0150022506713867
307,COC(=O)c1cc(-c2ccc3cc(-c4nc5cc(C(=O)N6CC7CCC6[C@@H]7N)cc(OC)c5n4C)n(CC4CC4)c3n2)n(C)n1,1,Plain-GCN,37.609375,4.046813011169434
308,Cc1cc2cc(CNC(=O)c3cccs3)ccc2n1C,0,Plain-GCN,7.249549865722656,-6.183456897735596
309,C=CCSc1nnc(CNC(=O)c2ccc(Cl)cc2)n1CC,0,Plain-GCN,-11.796419143676758,-3.326914072036743
310,O=C(NC1CCCC1)NS(=O)(=O)c1ccccc1Cl,0,Plain-GCN,-2.201328754425049,-3.4471518993377686
311,CC(=O)Nc1ccc2c(c1)CCCC2,0,Plain-GCN,-17.837556838989258,7.43999719619751
312,Cc1ccc2c(CN3CCOCC3)cc(=O)oc2c1C,0,Plain-GCN,-28.3096981048584,4.419494152069092
313,CC(=O)NCCNC(=O)CCNC(=O)c1ccc(Cl)cc1,0,Plain-GCN,2.37276554107666,3.0947301387786865
314,COc1cc(C(=O)N2CC3CCC2[C@@H]3N)cc2nc(-c3cc4ccc(C5=CC=CC6=NC(=O)C=CC56)nc4n3CC3CC3)n(C)c12,1,Plain-GCN,42.92573165893555,-2.0964105129241943
315,Cn1ccnc1C(=O)c1ccccc1Cl,0,Plain-GCN,5.415885925292969,-11.650300979614258
316,COc1ccc(-c2cc(=O)[nH][nH]2)cc1,0,Plain-GCN,-0.47797301411628723,-15.63070297241211
317,O=C(C1=C[C@@H](c2ccc(C(F)(F)F)cc2)C[C@@H](OCc2ccc(CO)cc2)O1)N1CCN(Cc2ccc3c(c2)OCO3)CC1,0,Plain-GCN,-19.37725257873535,-0.3959657549858093
318,COc1cc(/C=N/Nc2ccccc2[N+](=O)[O-])ccc1OC(=O)c1ccccc1F,0,Plain-GCN,-1.1755061149597168,-7.7028093338012695
319,Cc1ccccc1Cn1ccc(NC(=O)c2onc(C)c2Cl)n1,0,Plain-GCN,-8.624683380126953,-2.957839012145996
320,CCOc1ccc(N(C(=O)c2cnsn2)C(C(=O)NC2CCCCC2)c2ccncc2)cc1,0,Plain-GCN,-1.3269370794296265,8.159842491149902
321,COc1ccc(-c2nn(-c3ccccc3)cc2C(=O)NC(=S)NNC(=O)c2ccncc2)cc1,0,Plain-GCN,4.30099630355835,-5.856465816497803
322,COc1cc(C(=O)N2CC3CCC2[C@@H]3N)cc2nc(-c3cc4ccc(-c5cnc(C#N)cc5C)nc4n3CC3CC3)n(C)c12,1,Plain-GCN,41.6815071105957,4.161704063415527
323,COc1cc([N+](=O)[O-])c(OC)cc1SCc1n[nH]c(=S)n1-c1ccc(F)cc1,0,Plain-GCN,-10.166091918945312,-6.749180793762207
324,Cc1sc2ncn(CC(=O)NCC(=O)N3CCN(c4ccccc4F)CC3)c(=O)c2c1C,0,Plain-GCN,-27.729215621948242,0.0034378913696855307
325,CCCC[n+]1c(C)sc2cc(OC)ccc21.[I-],0,Plain-GCN,-14.175543785095215,-0.21617349982261658
326,COc1cc(C(=O)N2CC3CCC2[C@@H]3N)cc2nc(-c3cc4ccc(N5CCC(O)(c6ccccc6)C5)nc4n3CC3CC3)n(C)c12,1,Plain-GCN,37.42542266845703,8.314553260803223
327,COc1cc(C(=O)N2CC3CCC2[C@@H]3N)cc2nc(-c3cc4ccc(-c5ccc6c(c5)CCNC6=O)nc4n3CC3CC3)n(C)c12,1,Plain-GCN,41.786094665527344,2.302224636077881
328,NS(=O)(=O)c1cc(C(=O)NNC(=O)c2ccc3c(c2)OCO3)ccc1Cl,0,Plain-GCN,-1.7519148588180542,-2.104522228240967
329,Fc1ccc(OCc2nnc(-c3ccccc3Br)o2)c(Cl)c1,0,Plain-GCN,-6.70320987701416,-13.669600486755371
330,COc1cc(C(=O)N2C[C@H](N)C[C@@H](F)C2)cc2nc(-c3cc4ccc(-c5cnc6c(c5)C(=O)NC6)nc4n3CC3CC3)n(C)c12,1,Plain-GCN,37.92020034790039,-2.8132717609405518
331,COc1cc(C(=O)N2C[C@H](N)C[C@@H](F)C2)cc2nc(-c3cc4ccc(-c5ccc(N6CCC(O)C6=O)c(C)n5)nc4n3CC3CC3)n(C)c12,1,Plain-GCN,32.751258850097656,-0.5270816683769226
332,CCc1ccc(S(=O)(=O)Nc2ccc(O)c3ccccc23)cc1,0,Plain-GCN,3.0747153759002686,-4.751591205596924
333,COC(=O)c1sc2ccccc2c1NC(=O)c1ccc(S(=O)(=O)N2CC(C)CC(C)C2)cc1,0,Plain-GCN,-0.7937361598014832,0.5457266569137573
334,CCCS(=O)(=O)c1csc(C(=O)OC)c1N,0,Plain-GCN,-16.929845809936523,-2.422703266143799
335,O=c1[nH]c(Nc2ccccn2)cc2ccccc12,0,Plain-GCN,1.7648364305496216,-14.696609497070312
336,CS(=O)(=O)N(CC(=O)N1CCOCC1)Cc1ccc(Cl)cc1,0,Plain-GCN,-26.546615600585938,4.536558628082275
337,COc1ccc(OCC(=O)Nc2ccccc2C(=O)Nc2ccc(C(=O)O)cc2)cc1,0,Plain-GCN,0.007807779125869274,-7.957460880279541
338,COc1cc(C(=O)N2CC3CCC2[C@@H]3N)cc2nc(-c3cc4ccc(-c5cn[nH]c5C)cc4n3CC3CC3)n(C)c12,1,Plain-GCN,42.54146194458008,5.070868015289307
339,Cc1ccccc1OC(C)C(=O)NCCC1=CCCCC1,0,Plain-GCN,-8.470155715942383,4.723667621612549
340,CCOc1ccc(N(CC(=O)N/N=C/c2cc([N+](=O)[O-])ccc2Cl)S(C)(=O)=O)cc1,0,Plain-GCN,-13.412169456481934,-10.643828392028809
341,COc1cc(C(=O)N2CC3CCC2[C@@H]3N)cc2nc(-c3cc4ccc(-c5ccc(S(C)(=O)=O)nc5)nc4n3CC3CC3)n(C)c12,1,Plain-GCN,39.575279235839844,1.3617732524871826
342,O=C1CN(S(=O)(=O)c2cc(C(=O)O)ccc2Cl)c2ccccc2N1,0,Plain-GCN,-1.7018647193908691,-3.935305118560791
343,CC(=O)c1ccc(OCc2cc(C(=O)NCCN3CCCC(O)C3)no2)cc1,0,Plain-GCN,-18.58067512512207,0.7395520210266113
344,CSC1=NC(C)(C)CC2(C)Nc3ccccc3N12,0,Plain-GCN,6.216999053955078,2.5269956588745117
345,S=c1[nH]nc(-c2c[nH]c3ccccc23)o1,0,Plain-GCN,-1.8407429456710815,-16.198945999145508
346,CC(C)c1nc(SCC(=O)N2CC(=O)Nc3ccccc32)c2ccccc2n1,0,Plain-GCN,-10.860584259033203,3.1132798194885254
347,COc1cc(C(=O)N2CC3CCC2[C@@H]3N)cc2nc(-c3cc4ccc(N5CCC(S(C)(=O)=O)CC5)cc4n3CC3CC3)n(C)c12,1,Plain-GCN,44.57392883300781,2.0689146518707275
348,COc1cc(C(=O)N2C[C@H](N)C[C@@H](F)C2)cc2nc(-c3cc4ccc(CCN5CCOC5=O)nc4n3CC3CC3)n(C)c12,1,Plain-GCN,47.8803596496582,0.6301448941230774
349,Cc1cccc(-c2nc3ccccc3c(=O)n2NC(=O)c2ccc([N+](=O)[O-])c(C)c2)c1,0,Plain-GCN,2.3668100833892822,-10.549055099487305
350,CN(C)C(CNC(=O)C1CCN(S(=O)(=O)c2cccc(Cl)c2Cl)CC1)c1ccccc1,0,Plain-GCN,-7.090365409851074,1.846200942993164
351,Cn1sc(=O)c2cc(S(=O)(=O)NC3CC3)ccc21,0,Plain-GCN,-2.534146547317505,0.07674576342105865
352,CCCc1c(C(=O)N/N=C/c2ccc(OC)c(OCc3ccccc3)c2)nnn1-c1nonc1N,0,Plain-GCN,-15.981186866760254,-4.677730560302734
353,CCNC(=O)c1c(NC(=O)C2COc3ccccc3O2)sc2c1CCCC2,0,Plain-GCN,-22.033174514770508,-4.645242691040039
354,COc1cc2nc(N(CCCN(C)C)C(=O)c3ccc(S(=O)(=O)N4CCc5ccccc54)cc3)sc2cc1OC.Cl,0,Plain-GCN,-13.742863655090332,-1.838241696357727
355,COc1cc(C(=O)N2CC3CCC2[C@@H]3N)cc2nc(-c3cc4ccc(-c5ccc6nnnn6c5)nc4n3CC3CC3)n(C)c12,1,Plain-GCN,37.45176315307617,2.8550188541412354
356,CNC(=O)n1ccc(C(=O)N2CCCCC2)n1,0,Plain-GCN,-23.86353302001953,-0.17909203469753265
357,CC(NC(=O)c1ccccc1)C(=O)OCC(=O)c1ccc(Br)cc1,0,Plain-GCN,-5.672020435333252,3.883512258529663
358,CCOC(=O)c1ccc(NC(=O)CSc2nc3cccnc3n2C)cc1,0,Plain-GCN,-8.479256629943848,-3.724897861480713
359,O=C(COc1ccc(S(=O)(=O)N2CCCC2)cc1)NCc1cccnc1,0,Plain-GCN,-18.49578094482422,-1.9986238479614258
360,COC(=O)C1=C(C(=O)OC)SC2(S1)C(C(=O)OC)=C(C(=O)OC)SC1=C2c2cc(C)cc(C)c2NC1(C)C,0,Plain-GCN,-17.477766036987305,12.420612335205078
361,COC(=O)c1cn(C(=O)c2cc(OC)cc(OC)c2)c2ccccc12,0,Plain-GCN,-9.315566062927246,11.895112991333008
362,COc1ccc(Cn2c(-c3nc4cc(C(=O)N5CCC[C@@H](N)C5)ccn4c3C)cc3ccccc32)nc1,1,Plain-GCN,25.93824005126953,3.3016414642333984
363,COc1ccc(/C=N/n2c(=O)c(C(C)(C)C)nn3cnnc23)cc1,0,Plain-GCN,-10.721590995788574,-2.4534943103790283
364,COc1cccc2cc(C(=O)NC3CC(C)(C)NC(C)(C)C3)c(=O)oc12,0,Plain-GCN,3.3570902347564697,0.019737403839826584
365,COc1ccc(C(=O)NCCc2ccc(C(F)(F)F)cc2)cc1S(=O)(=O)N1CCOCC1,0,Plain-GCN,-17.76522445678711,-0.6317470669746399
366,O=C(O)CN1C(=O)/C(=C\c2ccccc2OCc2ccc(Cl)cc2Cl)SC1=S,0,Plain-GCN,-17.164348602294922,2.328688383102417
367,Cc1cc(C)cc(-n2ccnc2SCC(=O)Nc2cccc(S(=O)(=O)NC3=NCCC3)c2)c1,0,Plain-GCN,-7.201125621795654,-1.2669670581817627
368,O=C(NNC(=O)c1cccc(C(F)(F)F)c1)c1ccc(-n2cnnn2)cc1,0,Plain-GCN,-4.134488105773926,-1.8040281534194946
369,Cc1c(-c2cc3ccccc3n2CC2CC2)nc2cc(C(=O)N3CCC4OCCNC4C3)ccn12,1,Plain-GCN,28.490819931030273,3.5818443298339844
370,COc1cc(C(=O)N2CC3CCC2[C@@H]3N)cc2nc(-c3cc4ccc(-c5nnnn5C)nc4n3CC3CC3)n(C)c12,1,Plain-GCN,37.25212478637695,2.5446760654449463
371,Cc1sc2nc(-c3ccco3)oc(=O)c2c1C,0,Plain-GCN,-6.578794956207275,-15.353150367736816
372,Cc1cc(C(C#N)c2ccccc2)n2ncnc2n1,0,Plain-GCN,-8.919290542602539,-1.1544044017791748
373,O=C(C1CCCO1)N1CCN(S(=O)(=O)c2ccc(Cl)cc2)CC1,0,Plain-GCN,-26.557952880859375,4.084611892700195
374,Cn1c(-c2cncn2CC2CC2)nc2cc(C(=O)N3CCC[C@@H](N)C3)ccc21,0,Plain-GCN,25.556001663208008,1.0474902391433716
375,COc1cc(C(=O)N2CC3CCC2[C@@H]3N)cc2nc(-c3cc4ccc(-c5ccnc(F)c5C)nc4n3CC3CC3)n(C)c12,1,Plain-GCN,41.07593536376953,4.361959934234619
376,O=C(Oc1cccc([N+](=O)[O-])c1)c1ccc2c(=O)n3c(nc2c1)CCC3,0,Plain-GCN,-15.26331615447998,-8.808211326599121
377,COCCn1nnnc1SCC(=O)N1CCCCC1,0,Plain-GCN,-32.0502815246582,-0.5756998658180237
378,Cc1ccc([N+](=O)[O-])c(C(=O)N/N=C/c2cccnc2)c1,0,Plain-GCN,0.8484968543052673,-6.93182897567749
379,c1ccc2c(CNC3CCCCC3)c[nH]c2c1,0,Plain-GCN,-1.5318070650100708,9.430315017700195
380,COC(=O)c1ccc(-c2ncc[nH]2)cc1,0,Plain-GCN,5.282744884490967,-5.504467487335205
381,O=S(=O)(/C=C/c1ccccc1)N1CCN(Cc2ccc3c(c2)OCO3)CC1,0,Plain-GCN,-19.13582420349121,-1.8241468667984009
382,COc1ccc(Cl)cc1NC(=O)c1[nH]c(C)c(C(C)=O)c1C,0,Plain-GCN,-10.99801254272461,10.744751930236816
383,COc1cccc(NC(=O)Nc2cccs2)c1,0,Plain-GCN,-0.3339214622974396,-10.956520080566406
384,Cn1cnc([N+](=O)[O-])c1Sc1ccc(C(C)(C)C)cc1,0,Plain-GCN,-9.02768611907959,2.0198304653167725
385,CC(=O)Nc1c(O)nc(SCC(=O)Nc2sc3c(c2C#N)CCCCCC3)[nH]c1=O,0,Plain-GCN,-23.577238082885742,-5.900733470916748
386,COc1cc(C(=O)N2C[C@H](N)C[C@@H](F)C2)cc2nc(-c3cc4ccc(-c5cccc(F)c5C(=O)O)nc4n3CC3CC3)n(C)c12,1,Plain-GCN,34.74941635131836,-3.106823682785034
387,COc1cc(C(=O)N2CC3CCC2[C@@H]3N)cc2nc(-c3cc4ccc(-c5cc(O)ccc5Cl)nc4n3CC3CC3)n(C)c12,1,Plain-GCN,35.96660232543945,5.196681976318359
388,CC(=O)Nc1ccc(NC(=O)C(C)OC(=O)CC2CCCCC2)cc1,0,Plain-GCN,-17.07286834716797,7.166442394256592
389,N#Cc1ccc(N2Cc3ccccc3C2=NC(=O)c2cccs2)cc1,0,Plain-GCN,4.606080055236816,-4.526601791381836
390,COc1cc(C(=O)N2CC3CCC2[C@@H]3N)cc2nc(-c3cc4ccc(-c5ccc(Cl)c(C(N)=O)c5)nc4n3CC3CC3)n(C)c12,1,Plain-GCN,40.261146545410156,3.686955213546753
391,Cc1[nH]n2c(=O)c3c(nc2c1-c1ccccc1)CCCC3,0,Plain-GCN,-14.337870597839355,1.603211760520935
392,COc1ccc(N(C(=O)c2cccnc2)S(=O)(=O)c2cccc([N+](=O)[O-])c2)cc1,0,Plain-GCN,-1.342325210571289,-6.439526081085205
393,Cc1ccc(S(=O)(=O)NCCC(=O)Nc2ccc(S(=O)(=O)NC(C)C)cc2)cc1,0,Plain-GCN,1.7880088090896606,-2.8290956020355225
394,O=S(=O)(c1ccc2ccccc2c1)N1CCN(S(=O)(=O)N2CCCCC2)CC1,0,Plain-GCN,-25.851163864135742,3.3859643936157227
395,O=c1cc(-c2ccc(Cl)cc2)[nH][nH]1,0,Plain-GCN,-0.6383933424949646,-15.769342422485352
396,Cc1sc2ccccc2[n+]1CC(=O)O.[Br-],0,Plain-GCN,-8.71422290802002,-9.036887168884277
397,Cc1ccc(N(C(=O)c2cccs2)C2C=CS(=O)(=O)C2)cc1,0,Plain-GCN,3.775092124938965,-2.0487451553344727
398,CC(C)c1ccc(NC2CCCN(C(=O)CCN3CCOCC3)C2)cc1,0,Plain-GCN,-27.435134887695312,6.251402854919434
399,COC1CCCN(C(=O)c2cccc(OC3CCN(S(=O)(=O)N(C)C)CC3)c2)C1,0,Plain-GCN,-25.649539947509766,5.101119518280029
400,COc1cc(C(=O)N2C[C@H](N)C[C@@H](F)C2)cc2nc(-c3cc4ccc(-c5ccc(OCC(N)=O)cc5)nc4n3CC3CC3)n(C)c12,1,Plain-GCN,34.735267639160156,-0.936557412147522
401,COc1ccc(CCNS(=O)(=O)c2cccc(C(=O)O)c2)cc1OC,0,Plain-GCN,-0.8726687431335449,-2.9510891437530518
402,COc1cc(C(=O)N2CC3CCC2[C@@H]3N)cc2nc(-c3cc4ccc(-c5cc(F)c6c(c5)CCC(=O)N6)cc4n3CC3CC3)n(C)c12,1,Plain-GCN,43.355140686035156,3.871338129043579
403,COc1cc(OC)cc(C2C(C#N)=C(N)Oc3n[nH]c(-c4cccnc4)c32)c1,0,Plain-GCN,-10.0537691116333,12.132552146911621
404,Cc1sc2ccccc2[n+]1CCC(C)S(=O)(=O)[O-],0,Plain-GCN,-0.954458475112915,0.4691765606403351
405,Cc1cccc2sc(N(CCCN(C)C)C(=O)c3ccc4ncsc4c3)nc12,0,Plain-GCN,-11.98151969909668,2.204207420349121
406,CN(C)CCCn1c(SCC(=O)N2c3ccccc3Sc3ccccc32)nc2ccccc2c1=O,0,Plain-GCN,-11.179620742797852,2.9923336505889893
407,C[C@H](CO)N1C[C@H](C)[C@@H](CN(C)Cc2ccc(C(=O)O)cc2)Oc2ccc(NS(=O)(=O)c3cn(C)cn3)cc2C1=O,0,Plain-GCN,-2.7151308059692383,2.6401968002319336
408,O=C(Cc1cc(=O)[nH][nH]1)N/N=C/c1cccc(Cl)c1Cl,0,Plain-GCN,-8.259516716003418,-5.2074666023254395
409,CN1CCc2c(sc3nc(SCC(N)=O)n(-c4ccccc4)c(=O)c23)C1,0,Plain-GCN,-26.742374420166016,-2.843322515487671
410,COc1ccc(OC)c(S(=O)(=O)Nc2ccccc2C(=O)O)c1,0,Plain-GCN,-0.9673207402229309,-5.224243640899658
411,CCc1ccccc1N(CC)C(=O)c1cn(C)c(=O)c2cc(OC)c(OC)cc12,0,Plain-GCN,-10.353385925292969,9.685099601745605
412,NC(=O)COC(=O)c1ccccc1Nc1ccc(SC(F)F)cc1,0,Plain-GCN,1.4387820959091187,-1.6005148887634277
413,CCOC(=O)N1CCN(c2c(N3CCN(c4cccc(C(F)(F)F)c4)CC3)c(=O)c2=O)CC1,0,Plain-GCN,-30.894630432128906,1.117517352104187
414,CCOC(=O)c1[nH]c(=O)c2ccccc2c1O,0,Plain-GCN,-7.147865295410156,-9.951313018798828
415,COc1cc(C(=O)N2CC3CCC2[C@@H]3N)cc2nc(-c3cc4ccc(-c5ccc(CS(C)(=O)=O)cc5F)nc4n3CC3CC3)n(C)c12,1,Plain-GCN,40.211265563964844,1.1725356578826904
416,COc1ccc([N+](=O)[O-])cc1NC(=O)CCS(=O)(=O)c1ccc(Br)cc1,0,Plain-GCN,-12.594862937927246,-10.872298240661621
417,COc1cc(C(=O)N2[C@H]3CC[C@@H]2[C@H](N)C3)cc2nc(-c3cc4ccc([C@@H](C)NC(=O)N5CCO[C@@H](C)C5)nc4n3CC3CC3)c(C)n12,1,Plain-GCN,29.87769317626953,1.3225369453430176
418,Cc1nn(Cc2c(F)c(F)c(F)c(F)c2F)c(C)c1NC(=O)c1c([N+](=O)[O-])c(C)nn1C,0,Plain-GCN,-25.774639129638672,0.13408908247947693
419,CCC(C)c1ccccc1NC(=O)CN1CCN(C/C=C/c2ccccc2)CC1,0,Plain-GCN,-16.121732711791992,4.280009746551514
420,COc1cc(C(=O)N2C[C@H](N)C[C@@H](F)C2)cc2nc(-c3cc4ccc(-c5ccc6c(c5)CCC(=O)N6)nc4n3CC3CC3)n(C)c12,1,Plain-GCN,37.47879409790039,-2.3831405639648438
421,COc1cc(C(=O)N2C[C@H](N)C[C@@H](F)C2)cc2nc(-c3cc4ccc(-c5ccc(CS(C)(=O)=O)cc5)cc4n3CC3CC3)n(C)c12,1,Plain-GCN,38.563270568847656,-0.6922269463539124
422,COc1cc(C(=O)N2C[C@H](N)C[C@@H](F)C2)cc2nc(-c3cc4ccc(C5CCNC(=O)C5)nc4n3CC3CC3)n(C)c12,1,Plain-GCN,39.46768569946289,-2.1882219314575195
423,O=C1Nc2ccc(Br)cc2/C1=C/C(=O)c1ccc2c(c1)OCO2,0,Plain-GCN,-10.108078956604004,13.921989440917969
424,COc1ccc(CCN(Cc2ccccn2)C(=S)Nc2ccccc2F)cc1OC,0,Plain-GCN,1.257170557975769,-5.96071720123291
425,CCc1c(C)nc2c(C)cccc2c1SCCC#N,0,Plain-GCN,-13.046915054321289,3.053593635559082
426,Cn1nc(C(F)(F)F)cc1-c1ccc(S(N)(=O)=O)s1,0,Plain-GCN,-3.474116086959839,-0.5127450227737427
427,CC(=O)Nc1ccc(OC(=O)c2ccco2)cc1,0,Plain-GCN,-1.4469290971755981,-12.382097244262695
428,Cc1cccc(NS(=O)(=O)c2ccc(OCC(=O)N3CCCC3)cc2)c1,0,Plain-GCN,-19.61740493774414,-2.6628856658935547
429,Cc1ccc(C)c(OCCCC(C)(C)C(=O)O)c1,0,Plain-GCN,-8.653849601745605,3.8462250232696533
430,COC(=O)c1ccc(=O)c2nc3/c(=C/O)c(O)cc(=O)c3[nH]c12,0,Plain-GCN,-6.7909064292907715,12.418858528137207
431,O=C(NCc1ccccn1)c1ccc2nc(-c3ccco3)c(-c3ccco3)nc2c1,0,Plain-GCN,0.16901546716690063,-14.125697135925293
432,COc1cc(C(=O)N2CC3CCC2[C@@H]3N)cc2nc(-c3cc4ccc(-c5ccc(C(N)=O)cn5)nc4n3CC3CC3)n(C)c12,1,Plain-GCN,39.75249099731445,3.357821464538574
433,CC12CCC(C(=O)Nc3ccc(SC(F)F)cc3)(CC1=O)C2(C)C,0,Plain-GCN,-23.308504104614258,9.227090835571289
434,O=C(Nc1ccc2ccccc2n1)C1CCCCC1,0,Plain-GCN,-1.9405019283294678,9.306899070739746
435,COc1cc(C(=O)N2CC3CCC2[C@@H]3N)cc2nc(-c3cc4ccc(-c5ccc(O)c(-c6ccno6)c5)nc4n3CC3CC3)n(C)c12,1,Plain-GCN,35.26346969604492,5.59601354598999
436,CCCOc1cccc(OCC(=O)Nc2nc3ccccc3[nH]2)c1,0,Plain-GCN,-2.265190362930298,-11.609320640563965
437,Cc1ccc(/C=N/n2c(-c3cccnc3)n[nH]c2=S)o1,0,Plain-GCN,-4.306824684143066,-12.659799575805664
438,COc1cc(C(=O)N2C[C@H](N)C[C@@H](F)C2)cc2nc(-c3cc4ccc(-c5cnc6c(c5)OCC(=O)N6)cc4n3CC3CC3)n(C)c12,1,Plain-GCN,37.20513153076172,-2.9861583709716797
439,CCOC(=O)N1CCN(C(=O)c2cn(CC)c3cc(N4CCN(C)CC4)c(F)cc3c2=O)CC1.Cl,0,Plain-GCN,-30.581562042236328,0.5382369160652161
440,COc1cc(C(=O)N2C[C@H]3CC[C@@H]2[C@@H]3N)cc2nc(-c3ccc(F)nc3CC3CC3)n(C)c12,1,Plain-GCN,28.39460563659668,1.0578221082687378
441,COc1cc(C(=O)N2CC3CCC2[C@@H]3N)cc2nc(-c3cc4ccc(-c5cccc(NS(C)(=O)=O)c5)nc4n3CC3CC3)n(C)c12,1,Plain-GCN,39.1683464050293,1.2813773155212402
442,COc1cc(C2OC(=O)c3ccccc3S2)cc(OC)c1OC,0,Plain-GCN,-5.2901787757873535,-6.185532569885254
443,O=C(c1cc(N2CCOCC2)c(F)cc1[N+](=O)[O-])N1CCOCC1,0,Plain-GCN,-31.293947219848633,0.5629926919937134
444,O=C(COC(=O)CCCc1c[nH]c2ccccc12)Nc1ccc2c(c1)OCO2,0,Plain-GCN,-16.026865005493164,-7.677320957183838
445,CC(C)c1ccccc1NC(=S)NC1CCN(Cc2ccccc2)CC1,0,Plain-GCN,-4.836254596710205,4.532784461975098
446,CCOc1ccc2c(c1)-c1c(ssc1=S)C(C)(C)N2C(=O)CSC1=NCCS1,0,Plain-GCN,-20.259050369262695,7.7871623039245605
447,O=C(CSc1n[nH]c(-c2ccccc2)n1)N1CCCC1,0,Plain-GCN,-22.34133529663086,-1.1939562559127808
448,O=C(NNC(=S)NC(=O)c1cn(-c2ccccc2)nc1-c1ccccc1)c1ccncc1,0,Plain-GCN,4.447622299194336,-6.023099899291992
449,O=C(COC(=O)c1ccc(Br)o1)NCc1ccc(Cl)cc1,0,Plain-GCN,-6.97208833694458,-13.449170112609863
450,CCCOC(=S)NC(=O)c1sc2ccccc2c1Cl,0,Plain-GCN,-8.649958610534668,-9.046449661254883
451,CN(C(=O)COC(=O)c1cccc(S(=O)(=O)N2CCOCC2)c1)C1CCS(=O)(=O)C1,0,Plain-GCN,-25.1044979095459,4.410523414611816
452,O=C(NCc1cccs1)c1ccc2c(c1)ncn2C1CCCC1,0,Plain-GCN,-1.5959364175796509,8.284008026123047
453,COc1cc2oc3ccccc3c(=O)c2cc1OC,0,Plain-GCN,-4.881450653076172,-8.370179176330566
454,O=C1c2ccccc2C(=O)N1CCCc1cn(C[C@H]2CC[C@@H]([C@@H]3CC[C@H](Cn4cc(CCCN5C(=O)c6ccccc6C5=O)nn4)O3)O2)nn1,0,Plain-GCN,-22.718347549438477,4.862835884094238
455,N#C/C(=C\C=C\c1ccccc1)C(=O)NCc1cccnc1,0,Plain-GCN,6.003423690795898,-3.1779251098632812
456,COCCN(CCOC)C(=O)c1ccc(CSc2nc3ccccc3s2)cc1,0,Plain-GCN,-14.76776123046875,-1.5712639093399048
457,C=CCN(Cc1ccc(Cl)s1)C(=O)c1cc(S(=O)(=O)N2CCOCC2)ccc1F,0,Plain-GCN,-22.445701599121094,1.0204704999923706
458,COc1cc(C(=O)N2C[C@H](N)C[C@@H](F)C2)cc2nc(-c3cc4ccc(-c5ccc(CC(N)=O)nc5)nc4n3CC3CC3)n(C)c12,1,Plain-GCN,36.752620697021484,-2.1886491775512695
459,COc1ccc(OC)c(N2Cc3cc(C)c(C)cc3C2)c1,0,Plain-GCN,-7.7006025314331055,8.322076797485352
460,COc1ccccc1-c1nnc(NC(=O)c2ccc3ncsc3c2)o1,0,Plain-GCN,-5.668837547302246,-9.484941482543945
461,O=C(C1CCCC1)N1CCC(CC2CC(c3ccc(Cl)cc3)=NO2)(C(=O)NCC2CCCCC2)CC1,0,Plain-GCN,-26.25058364868164,7.604150295257568
462,C=CC(COCc1ccccc1)N(Cc1ccccc1)S(=O)(=O)c1ccccc1Br,0,Plain-GCN,2.396989345550537,-9.119507789611816
463,CN(C)C(=O)c1ccc(NC(=O)c2cccc(S(=O)(=O)N3CCCc4ccccc43)c2)cc1,0,Plain-GCN,-0.14629147946834564,2.8327043056488037
464,O=C1c2ccccc2-c2onc3c(N4CCN(CCO)CC4)cc(N4CCN(C(=O)c5ccco5)CC4)c1c23,0,Plain-GCN,-28.801570892333984,0.6809679269790649
465,COc1ccc(Cl)cc1C(=O)NNC(=O)c1cccs1,0,Plain-GCN,-1.777225375175476,-7.587797164916992
466,COC(=O)c1ccc(-c2ccc3cc(-c4nc5cc(C(=O)N6CC7CCC6[C@@H]7N)cc(OC)c5n4C)n(CC4CC4)c3n2)cc1O,1,Plain-GCN,39.294029235839844,4.256962299346924
467,Cc1nc(Cl)c2c(n1)NC1=C(O2)C(=O)CCC1,0,Plain-GCN,-24.546390533447266,-4.522239685058594
468,CC1Cc2ccccc2N1C(=O)CSc1nnc(CSc2ncccn2)n1C,0,Plain-GCN,-12.968634605407715,4.544961929321289
469,CCCCn1c(=O)c(C(=O)Nc2ccccc2F)c(O)c2ccccc21,0,Plain-GCN,-6.709488868713379,10.239113807678223
470,CCN(c1ccccc1)S(=O)(=O)c1ccc(Cl)c(C(=O)O)c1,0,Plain-GCN,-1.2830686569213867,-4.708769798278809
471,COc1cc(C(=O)N2CC3CCC2[C@@H]3N)cc2nc(-c3cc4ccc(Nc5cccc(C(N)=O)c5)nc4n3CC3CC3)n(C)c12,1,Plain-GCN,38.56499481201172,7.012712001800537
472,COc1cc(C(=O)N2C[C@H](N)CC[C@@H]2C)cc2nc(-c3cc4ccc(-c5ccc6c(c5)CC(=O)N6)nc4n3CC3CC3)n(C)c12,1,Plain-GCN,31.000751495361328,0.03369896858930588
473,COc1cc(C(=O)N2CC3CCC2[C@@H]3N)cc2nc(-c3cc4ccc(-c5ccc(NC(C)=O)c(C(=O)O)c5)nc4n3CC3CC3)n(C)c12,1,Plain-GCN,38.44929885864258,5.052099704742432
474,O=C(N1CCOCC1)N1CCN(c2ccccc2F)CC1,0,Plain-GCN,-31.318925857543945,2.6672539710998535
475,CC1(OC(=O)c2ccc(Cl)nc2)C(=O)C=C2C=C(C3CC3)OC=C2C1=O,0,Plain-GCN,-14.133806228637695,14.505972862243652
476,CCCNC(=S)Nc1ccc(CC(=O)OC)cc1,0,Plain-GCN,2.1061606407165527,4.115503787994385
477,COc1ccc(OC)c(NC(=S)NCc2cccs2)c1,0,Plain-GCN,0.12096372246742249,-9.09969425201416
478,CCCN(CCC)S(=O)(=O)c1ccc(NC(=O)c2cc(C(=O)OC)cc([N+](=O)[O-])c2)cc1,0,Plain-GCN,-16.438892364501953,-1.3968031406402588
479,COc1ccc(C2CC(c3cccs3)=NN2C(=O)CSC2=NCCS2)cc1,0,Plain-GCN,-21.359169006347656,7.524417877197266
480,O=C1C2CCCCC2C(=O)N1c1ccc(NC2CCCCC2)c([N+](=O)[O-])c1,0,Plain-GCN,-21.124475479125977,10.473380088806152
481,COc1ccc(N(CC(O)CN2C(=O)NC(C)(C)C2=O)S(=O)(=O)c2ccc(C)cc2)cc1,0,Plain-GCN,3.1852023601531982,1.2257392406463623
482,CCOc1ccc(OCC(=O)Nc2ccc(OC)cc2)cc1,0,Plain-GCN,-1.9732035398483276,-11.619969367980957
483,Cc1ccc(N(NC(=O)C(O)(c2ccccc2)c2ccccc2)C(=O)CCl)cc1,0,Plain-GCN,4.980005264282227,-9.305625915527344
484,O=C(Oc1ccccc1C(=O)Nc1ccccc1)c1ccc(Br)c([N+](=O)[O-])c1,0,Plain-GCN,-1.3899288177490234,-9.884315490722656
485,CC(C)Cc1nn2c(=O)cc(O)nc2s1,0,Plain-GCN,-16.62905502319336,-11.753637313842773
486,COc1ccc(C(=O)C2CCCN(C(=O)c3ccc4nccnc4c3)C2)c(C)c1,0,Plain-GCN,-9.7196683883667,9.059096336364746
487,COc1cc(C(=O)N2C[C@H](N)C[C@@H](F)C2)cc2nc(-c3cc4ccc(C(=O)Nc5ccc(S(N)(=O)=O)cc5)nc4n3CC3CC3)n(C)c12,1,Plain-GCN,35.10369110107422,0.025111772119998932
488,COc1ccc(OC(C)C(=O)N(C)Cc2nc(-c3ccccc3)no2)cc1,0,Plain-GCN,-4.045549392700195,-11.619525909423828
489,COc1cc(C(=O)N2CC3CCC2[C@@H]3N)cc2nc(-c3cc4ccc(Nc5ccncc5CO)nc4n3CC3CC3)n(C)c12,1,Plain-GCN,38.38090515136719,6.541475296020508
490,CN(C)/C=C(\C#N)S(=O)(=O)c1ccccc1,0,Plain-GCN,1.1709234714508057,0.06879374384880066
491,CC(=O)N1CCC(=NNc2nc3ccccc3[nH]2)CC1.O=C(O)C(=O)O,0,Plain-GCN,-19.833833694458008,-4.231006145477295
492,COc1cc(C(=O)N2CC3CCC2[C@@H]3N)cc2nc(-c3cc4ccc(-c5cc(F)c6c(c5)CCN(C(C)=O)C6)nc4n3CC3CC3)n(C)c12,1,Plain-GCN,43.82788848876953,3.152330160140991
493,CCc1ncc(/C=C2\C(=O)Nc3ccccc32)[nH]1,0,Plain-GCN,4.13795804977417,5.634766101837158
494,COc1cc(C(=O)N2CC3CCC2[C@@H]3N)cc2nc(-c3cc4ccc(-c5ccc6oc(=O)[nH]c6c5)cc4n3CC3CC3)n(C)c12,1,Plain-GCN,34.532142639160156,6.306975841522217
495,C/C(CC(=O)Nc1ccc(Cl)c(C(F)(F)F)c1)=N\NC(=O)c1cnccn1,0,Plain-GCN,-5.384589195251465,-1.9237136840820312
496,COc1ccc(-c2ccc3cc(-c4nc5cc(C(=O)N6C[C@H]7CC[C@@H]6[C@@H]7N)cc(OC)c5n4C)n(CC4CC4)c3c2)c(F)c1,1,Plain-GCN,29.918373107910156,-0.6734976172447205
497,COc1ccccc1-c1oc2ccccc2c1-c1ccccc1OC,0,Plain-GCN,4.572172164916992,-13.422417640686035
498,CCC1(C)Cc2c(sc(NC(=O)CCC(=O)O)c2C#N)CO1,0,Plain-GCN,-22.199987411499023,3.032694101333618
499,C=CCn1c(Cc2csc(N)n2)nnc1SCC(=O)OCC,0,Plain-GCN,-25.675527572631836,-5.71607780456543
500,C=CCOc1ccccc1CNCCCN1CCOCC1.Cl,0,Plain-GCN,-19.779449462890625,1.3998541831970215
501,COc1ccc(CCNC(=O)c2c(-c3ccccc3)noc2C)cc1OC,0,Plain-GCN,1.4766087532043457,-5.506045818328857
502,Cn1nccc1NC(=O)c1nccnc1C(=O)O,0,Plain-GCN,-7.239217758178711,-4.815699577331543
503,C/C(=N\Nc1nc2c(s1)CCCC2)c1ccc(Cl)cc1.Cl,0,Plain-GCN,-13.139751434326172,0.21894913911819458
504,Oc1ccc(-c2cnc3ccccc3n2)cc1,0,Plain-GCN,1.9242162704467773,-13.895682334899902
505,COc1cc(C(=O)N2CCC[C@@H](N)C2)cc2nc(-c3ccc(C#N)n3CC3CCOCC3)n(C)c12,0,Plain-GCN,29.131114959716797,1.635055661201477
506,COc1cc(C(=O)OCC(=O)Nc2ccc(S(=O)(=O)N3CCCC3)cc2)cc(OC)c1OC,0,Plain-GCN,-16.963598251342773,-1.2514030933380127
