depth,seed,epoch,train_loss,val_auc,val_f1,test_auc,test_f1
3,7,1,0.5864276736974716,0.5623056994818653,0.0,0.5514370875026613,0.0
3,7,2,0.470705296844244,0.8885362694300518,0.0,0.8619331488183947,0.0
3,7,3,0.3270849920809269,0.9753454231433506,0.0,0.9591441345539705,0.0
3,7,4,0.19175477139651775,0.9837219343696028,0.0,0.9790291675537578,0.0
3,7,5,0.09882662165910006,0.9904576856649396,0.0,0.9868639557164146,0.0
3,7,6,0.07011411851271987,0.9961139896373057,0.0,0.9946987438790718,0.0
3,7,7,0.06759324949234724,0.9982512953367875,0.0,0.997040664253779,0.0
3,7,8,0.05639494815841317,0.9986183074265976,0.6956521739130435,0.9981690440706834,0.6593406593406593
3,7,9,0.04651274438947439,0.9988126079447323,0.8990825688073395,0.9986161379604003,0.8807339449541285
3,7,10,0.04210561327636242,0.9990500863557858,0.9658119658119658,0.9992548435171386,0.970954356846473
3,7,11,0.03882407769560814,0.9991148531951641,0.9617021276595744,0.9992122631466893,0.9629629629629629
3,7,12,0.03618383570574224,0.9992227979274612,0.9237668161434978,0.9995316159250586,0.9251101321585903
3,7,13,0.033013883512467146,0.9990932642487047,0.9572649572649573,0.9994464551841601,0.975
3,7,14,0.028465329320169985,0.9993307426597582,0.9617021276595744,0.9992122631466893,0.9623430962343096
3,7,15,0.026036912808194757,0.9990716753022453,0.9620253164556962,0.9996167766659569,0.9836065573770492
3,7,16,0.02620552759617567,0.9994818652849741,0.9565217391304348,0.9995316159250586,0.9531914893617022
3,7,17,0.023027220042422414,0.9992443868739206,0.9620253164556962,0.9993612944432616,0.9752066115702479
3,7,18,0.023377342731691897,0.9991796200345423,0.9473684210526315,0.9994890355546093,0.9527896995708155
3,7,19,0.02100743050687015,0.9992227979274612,0.9576271186440678,0.9995316159250586,0.9834710743801653
3,7,20,0.02523854933679104,0.9989853195164076,0.970954356846473,0.9994251649989355,0.975609756097561
3,7,21,0.020686463452875614,0.9990932642487047,0.9672131147540983,0.9994677453693848,0.9758064516129032
3,7,22,0.02058330411091447,0.9991580310880829,0.9617021276595744,0.9994038748137108,0.9794238683127572
3,7,23,0.019361283106263727,0.999114853195164,0.9620253164556962,0.9994890355546093,0.9754098360655737
3,7,24,0.017897556885145605,0.9990500863557858,0.9661016949152542,0.999127102405791,0.9669421487603306
3,7,25,0.017965559556614608,0.9982944732297064,0.9576271186440678,0.9994890355546093,0.9752066115702479
3,7,26,0.014608165947720408,0.9990069084628671,0.9672131147540983,0.9992761337023632,0.9758064516129032
3,7,27,0.015085474005900323,0.9985103626943005,0.9623430962343096,0.9994890355546093,0.9836065573770492
3,7,28,0.01655068842228502,0.998272884283247,0.9672131147540983,0.9993825846284863,0.975609756097561
3,7,29,0.01658229297026992,0.9981649395509499,0.9669421487603306,0.9992974238875878,0.9836065573770492
3,7,30,0.014714480843394995,0.9983376511226252,0.9477911646586346,0.9992974238875878,0.968
3,7,31,0.028768657939508557,0.9988989637305699,0.9658119658119658,0.9996380668511816,0.9876543209876543
3,7,32,0.01706368417944759,0.9984024179620035,0.9663865546218487,0.9987225888865233,0.9754098360655737
3,7,33,0.015609745809342712,0.9920120898100173,0.9402390438247012,0.999340004258037,0.96
3,7,34,0.018601448158733547,0.9988557858376512,0.9658119658119658,0.9990632318501171,0.9834710743801653
3,7,35,0.013473457947839051,0.998272884283247,0.9663865546218487,0.9991909729614648,0.9836065573770492
3,7,36,0.011359215946868062,0.9958765112262522,0.9672131147540983,0.9992974238875878,0.9758064516129032
3,7,37,0.010492093249922618,0.9957037996545768,0.959349593495935,0.9991058122205663,0.979757085020243
3,7,38,0.014595225045923144,0.9952720207253887,0.970954356846473,0.9991058122205663,0.9795918367346939
3,7,39,0.011808484268840402,0.9938687392055269,0.963265306122449,0.9991058122205663,0.979757085020243
3,7,40,0.011324173479806632,0.9927677029360967,0.959349593495935,0.9990206514796679,0.983739837398374
3,7,41,0.01092877920018509,0.9964162348877376,0.9140271493212669,0.9988716201830956,0.925764192139738
3,7,42,0.010551048733759671,0.9949913644214162,0.9672131147540983,0.9990632318501171,0.979757085020243
3,7,43,0.008507391321472824,0.9937392055267703,0.9626556016597511,0.9990845220353417,0.9754098360655737
3,7,44,0.007741312758298591,0.9954879101899827,0.970954356846473,0.9987438790717479,0.975609756097561
3,7,45,0.008928556140745059,0.9913644214162349,0.9554655870445344,0.998956780923994,0.968
3,7,46,0.007535381708294153,0.9945164075993091,0.9663865546218487,0.9988716201830956,0.9794238683127572
3,7,47,0.0076665563392452896,0.9949481865284974,0.9745762711864406,0.9987438790717479,0.9752066115702479
3,7,48,0.006954263692023233,0.9929188255613125,0.959349593495935,0.9989993612944432,0.979757085020243
3,7,49,0.0075630106730386615,0.9923791018998273,0.959349593495935,0.9989354907387694,0.983739837398374
3,7,50,0.007679223170271143,0.9928756476683939,0.9554655870445344,0.9988077496274217,0.9758064516129032
3,17,1,0.5857100188732147,0.9550086355785838,0.0,0.9603363849265488,0.0
3,17,2,0.45067786797881126,0.9710492227979274,0.0,0.9730892058760912,0.0
3,17,3,0.2886555828154087,0.9768782383419689,0.0,0.9780711092186501,0.0
3,17,4,0.1494865771383047,0.9815198618307427,0.0,0.9840110708963167,0.0
3,17,5,0.08792408742010593,0.9844775474956822,0.0,0.9875239514583777,0.0
3,17,6,0.07251717476174235,0.9926165803108808,0.0,0.990845220353417,0.0
3,17,7,0.06374462973326445,0.9975172711571675,0.30985915492957744,0.9957419629550777,0.2446043165467626
3,17,8,0.06172126857563853,0.9985751295336788,0.8571428571428571,0.9974451777730466,0.8436018957345972
3,17,9,0.05797305144369602,0.9984240069084629,0.961038961038961,0.998296785182031,0.944206008583691
3,17,10,0.047664972953498363,0.9984240069084629,0.9535864978902954,0.9983180753672557,0.9672131147540983
3,17,11,0.0416769462171942,0.9986830742659758,0.9535864978902954,0.9990206514796679,0.9669421487603306
3,17,12,0.037184713408350945,0.9991148531951641,0.9140271493212669,0.9992122631466893,0.9391304347826087
3,17,13,0.033623315859586,0.9990500863557858,0.957983193277311,0.9990845220353417,0.9672131147540983
3,17,14,0.03385846596211195,0.9990932642487046,0.9041095890410958,0.9995103257398339,0.8909090909090909
3,17,15,0.030987934092991054,0.9989637305699482,0.9666666666666667,0.9987864594421971,0.9714285714285714
3,17,16,0.029157208278775215,0.9990284974093264,0.970954356846473,0.9996593570364062,0.9795918367346939
3,17,17,0.02705848030745983,0.9990716753022453,0.9576271186440678,0.999127102405791,0.9669421487603306
3,17,18,0.026082852738909423,0.9989421416234888,0.9669421487603306,0.9994677453693848,0.9836065573770492
3,17,19,0.02241983648855239,0.9992012089810017,0.9385964912280702,0.9992122631466893,0.935064935064935
3,17,20,0.022462364984676242,0.9986183074265975,0.9558232931726908,0.9994464551841601,0.9718875502008032
3,17,21,0.022252271184697747,0.9992443868739206,0.9661016949152542,0.9992761337023632,0.9794238683127572
3,17,22,0.02307853742968291,0.9992012089810017,0.9666666666666667,0.9993825846284863,0.9877551020408163
3,17,23,0.019930207985453308,0.9985967184801382,0.9596774193548387,0.9993187140728125,0.97165991902834
3,17,24,0.020968844648450613,0.9991796200345423,0.9523809523809523,0.9990206514796679,0.9401709401709402
3,17,25,0.016599340131506324,0.9989853195164076,0.9669421487603306,0.9995316159250586,0.9877551020408163
3,17,26,0.0160915675223805,0.9992227979274612,0.9140271493212669,0.9990845220353417,0.9203539823008849
3,17,27,0.016049222322180867,0.9989421416234888,0.967479674796748,0.999340004258037,0.979757085020243
3,17,28,0.0154867023229599,0.9993307426597582,0.9613733905579399,0.9992122631466893,0.9623430962343096
3,17,29,0.015081746969372034,0.9989421416234888,0.9620253164556962,0.999340004258037,0.970954356846473
3,17,30,0.017268731142394245,0.9989853195164077,0.9663865546218487,0.9991909729614648,0.9752066115702479
3,17,31,0.01847447722684592,0.9965673575129534,0.9477911646586346,0.999127102405791,0.9603174603174603
3,17,32,0.018379384418949485,0.9991580310880829,0.9702127659574468,0.9988077496274218,0.9535864978902954
3,17,33,0.01297640788834542,0.9982081174438687,0.9672131147540983,0.9988929103683202,0.983739837398374
3,17,34,0.01568957301788032,0.9986830742659758,0.9635627530364372,0.9986161379604003,0.979757085020243
3,17,35,0.014186845219228417,0.9973661485319516,0.9663865546218487,0.9992548435171386,0.9794238683127572
3,17,36,0.013101601391099393,0.9990284974093264,0.9658119658119658,0.9989780711092187,0.957983193277311
3,17,37,0.013845349138136953,0.9967400690846286,0.9629629629629629,0.9988716201830956,0.983739837398374
3,17,38,0.012514281668700278,0.9955310880829016,0.9583333333333334,0.9988290398126464,0.9754098360655737
3,17,39,0.010162178485188633,0.9979490500863558,0.9613733905579399,0.9988290398126464,0.9535864978902954
3,17,40,0.008269841113360599,0.9954663212435234,0.9596774193548387,0.9987438790717479,0.979757085020243
3,17,41,0.012071270088199526,0.9974956822107082,0.9711934156378601,0.9989780711092187,0.9795918367346939
3,17,42,0.008883316069841385,0.9974309153713299,0.9635627530364372,0.9989142005535449,0.979757085020243
3,17,43,0.009828316804487258,0.9953583765112263,0.9669421487603306,0.9987012987012986,0.9754098360655737
3,17,44,0.009922187426127493,0.9966968911917098,0.9663865546218487,0.9985309772195018,0.9666666666666667
3,17,45,0.010067849972983822,0.9948402417962003,0.9672131147540983,0.9986374281456248,0.9795918367346939
3,17,46,0.010389840579591691,0.9976468048359239,0.9635627530364372,0.9987012987012986,0.979757085020243
3,17,47,0.008370483017642982,0.9963946459412781,0.9672131147540983,0.9988716201830956,0.9754098360655737
3,17,48,0.0074535527091939,0.9957037996545769,0.9672131147540983,0.9986587183308494,0.9795918367346939
3,17,49,0.012408737558871508,0.9970854922279793,0.918918918918919,0.9983180753672557,0.8968609865470852
3,17,50,0.013895242707803845,0.9956174438687393,0.952,0.9978071109218649,0.9565217391304348
3,37,1,0.5867197215557098,0.8949805699481864,0.0,0.9084096231637214,0.0
3,37,2,0.4686477966606617,0.956649395509499,0.0,0.9557164147328082,0.0
3,37,3,0.31475323997437954,0.9751943005181347,0.0,0.975835639770066,0.0
3,37,4,0.15681773889809847,0.9844775474956823,0.0,0.9856078347881626,0.0
3,37,5,0.08725166413933039,0.9906519861830743,0.0,0.9893974877581434,0.0
3,37,6,0.06787290936335921,0.9970423143350604,0.0,0.9912071535022354,0.0
3,37,7,0.05869462667033076,0.99889896373057,0.0,0.9961677666595701,0.0
3,37,8,0.05044015380553901,0.9995466321243524,0.0,0.9976367894400682,0.0
3,37,9,0.04452378209680319,0.9992875647668393,0.8732394366197183,0.9979348520332126,0.8544600938967136
3,37,10,0.04050025949254632,0.9993091537132988,0.9568965517241379,0.9981690440706834,0.9396551724137931
3,37,11,0.03669839561916888,0.9994602763385146,0.9140271493212669,0.9993187140728124,0.905829596412556
3,37,12,0.036696346243843436,0.9995682210708117,0.8990825688073395,0.9994464551841601,0.9009009009009009
3,37,13,0.03768288413994014,0.9994818652849741,0.8888888888888888,0.9995529061102831,0.8598130841121495
3,37,14,0.03306882083415985,0.9993955094991364,0.9663865546218487,0.999233553331914,0.9711934156378601
3,37,15,0.03016716823913157,0.9992443868739206,0.9623430962343096,0.9995741962955078,0.9795918367346939
3,37,16,0.02731270296499133,0.9994386873920552,0.9568965517241379,0.9993187140728125,0.9482758620689655
3,37,17,0.02538830426055938,0.999006908462867,0.9754098360655737,0.9995741962955078,0.975609756097561
3,37,18,0.021035753074102104,0.9995466321243522,0.9655172413793104,0.9994890355546093,0.9482758620689655
3,37,19,0.024630619445815682,0.9994818652849741,0.9707112970711297,0.9994251649989355,0.9794238683127572
3,37,20,0.02067308046389371,0.999158031088083,0.9672131147540983,0.9994464551841601,0.975609756097561
3,37,21,0.019950803485698998,0.9992012089810017,0.963265306122449,0.9992122631466893,0.979757085020243
3,37,22,0.024778650258667767,0.99926597582038,0.9669421487603306,0.9995741962955078,0.9877551020408163
3,37,23,0.020202080137096345,0.9992227979274612,0.9669421487603306,0.9995103257398339,0.9795918367346939
3,37,24,0.01954675291199237,0.9988126079447324,0.9516129032258065,0.9992761337023632,0.9718875502008032
3,37,25,0.030209310119971633,0.99926597582038,0.9661016949152542,0.9995954864807324,0.9752066115702479
3,37,26,0.019132338697090745,0.9990716753022453,0.963265306122449,0.999340004258037,0.9758064516129032
3,37,27,0.019606935675255954,0.9987910189982729,0.963265306122449,0.9994251649989355,0.979757085020243
3,37,28,0.022225807304494083,0.9991364421416236,0.9655172413793104,0.9992761337023632,0.944206008583691
3,37,29,0.01845884253270924,0.9985967184801381,0.963265306122449,0.9993825846284863,0.975609756097561
3,37,30,0.017743724514730275,0.9990716753022453,0.9669421487603306,0.9995103257398339,0.983739837398374
3,37,31,0.016195984440855682,0.9990716753022453,0.9590163934426229,0.9994677453693847,0.979757085020243
3,37,32,0.015123812307137996,0.9989421416234888,0.9547325102880658,0.9992974238875878,0.975609756097561
3,37,33,0.013989012164529413,0.9991148531951641,0.9663865546218487,0.9993612944432616,0.9794238683127572
3,37,34,0.01194225560175255,0.9990500863557858,0.9704641350210971,0.9994677453693847,0.9794238683127572
3,37,35,0.012392558273859322,0.9990500863557858,0.9629629629629629,0.999340004258037,0.9877551020408163
3,37,36,0.012751690344884992,0.9989637305699481,0.9669421487603306,0.9992122631466893,0.9877551020408163
3,37,37,0.01051347196334973,0.9990284974093264,0.9629629629629629,0.999340004258037,0.983739837398374
3,37,38,0.010216370021225885,0.999114853195164,0.963265306122449,0.9993187140728125,0.979757085020243
3,37,39,0.012976607191376388,0.9984455958549223,0.9617021276595744,0.9994251649989355,0.9707112970711297
3,37,40,0.014224157377611846,0.9989205526770293,0.9504132231404959,0.9994677453693847,0.9877551020408163
3,37,41,0.0120730398921296,0.9990716753022453,0.9747899159663865,0.9991483925910155,0.9794238683127572
3,37,42,0.009671085106674582,0.9984240069084629,0.9586776859504132,0.9992548435171386,0.983739837398374
3,37,43,0.01260242349235341,0.9985535405872193,0.959349593495935,0.999233553331914,0.975609756097561
3,37,44,0.009502251050435007,0.9984455958549223,0.959349593495935,0.9992761337023632,0.9758064516129032
3,37,45,0.009175261773634702,0.9988341968911917,0.9623430962343096,0.9991909729614648,0.9794238683127572
3,37,46,0.008292120124679059,0.9979490500863558,0.959349593495935,0.9992761337023632,0.9795918367346939
3,37,47,0.010236638248898089,0.9986614853195164,0.963265306122449,0.998956780923994,0.9758064516129032
3,37,48,0.009873024915577844,0.9976468048359239,0.9663865546218487,0.9991058122205663,0.970954356846473
3,37,49,0.008226896490668878,0.9988126079447324,0.9583333333333334,0.9987012987012986,0.9754098360655737
3,37,50,0.010119168378878385,0.9964810017271156,0.9590163934426229,0.998956780923994,0.9758064516129032
5,7,1,0.5651089809834957,0.12694300518134716,0.0,0.13244624228230786,0.0
5,7,2,0.37126388028264046,0.08814766839378238,0.0,0.08109431552054504,0.0
5,7,3,0.17794072814285755,0.11437823834196892,0.0,0.1079838194592293,0.0
5,7,4,0.08203215757384896,0.1817789291882556,0.0,0.19276133702363213,0.0
5,7,5,0.05164580699056387,0.46541450777202065,0.0,0.49708324462422826,0.0
5,7,6,0.04039792460389435,0.9188039723661485,0.0,0.9236959761549925,0.0
5,7,7,0.031205408740788698,0.9904360967184802,0.0,0.9949755162869917,0.0
5,7,8,0.03147167130373418,0.9960708117443868,0.9523809523809523,0.9986587183308494,0.9620253164556962
5,7,9,0.03411438432522118,0.9985319516407599,0.9658119658119658,0.9987651692569726,0.9666666666666667
5,7,10,0.024844920728355646,0.9985535405872193,0.9655172413793104,0.999340004258037,0.9707112970711297
5,7,11,0.020443305955268443,0.9989421416234888,0.9666666666666667,0.998956780923994,0.9795918367346939
5,7,12,0.018421912332996726,0.9969775474956821,0.9586776859504132,0.9985522674047264,0.9836065573770492
5,7,13,0.017744347569532692,0.9984671848013816,0.961038961038961,0.9985522674047264,0.9620253164556962
5,7,14,0.014328062650747597,0.9968696027633851,0.961038961038961,0.9982542048115819,0.9487179487179487
5,7,15,0.012901371228508651,0.9955742659758203,0.9629629629629629,0.9986161379604002,0.983739837398374
5,7,16,0.012966957874596119,0.9957469775474957,0.959349593495935,0.9970619544390036,0.979757085020243
5,7,17,0.01188111410010606,0.9944300518134714,0.9590163934426229,0.9971471151799021,0.979757085020243
5,7,18,0.012809924490284175,0.9954231433506044,0.9333333333333333,0.9949542261017671,0.935064935064935
5,7,19,0.011964232253376395,0.9927892918825562,0.9473684210526315,0.998296785182031,0.968
5,7,20,0.013205968658439815,0.9948618307426598,0.9711934156378601,0.9965722801788375,0.983739837398374
5,7,21,0.010100432788021863,0.9923791018998274,0.9672131147540983,0.9959761549925484,0.979757085020243
5,7,22,0.010530278930673376,0.9916666666666667,0.9666666666666667,0.9958697040664254,0.9754098360655737
5,7,23,0.013900570338591933,0.9937392055267703,0.9666666666666667,0.9983606557377049,0.9754098360655737
5,7,24,0.013036386109888554,0.998272884283247,0.9704641350210971,0.9978922716627634,0.970954356846473
5,7,25,0.00949956924887374,0.9952720207253886,0.967479674796748,0.9983606557377049,0.975609756097561
5,7,26,0.009799573541386053,0.9928108808290156,0.944,0.9972322759208004,0.9641434262948207
5,7,27,0.011184126022271812,0.9975820379965458,0.9333333333333333,0.9973813072173727,0.9017857142857143
5,7,28,0.005781209270935506,0.996545768566494,0.963265306122449,0.9974025974025973,0.979757085020243
5,7,29,0.010743077131337486,0.9942357512953368,0.9704641350210971,0.9975729188843943,0.9711934156378601
5,7,30,0.007601840901770629,0.9954879101899827,0.963265306122449,0.996934213327656,0.983739837398374
5,7,31,0.005841561942361295,0.9956390328151986,0.9482071713147411,0.9981477538854588,0.9641434262948207
5,7,32,0.004844022849283647,0.9950129533678758,0.9629629629629629,0.9983606557377048,0.9754098360655737
5,7,33,0.00407785244169645,0.995552677029361,0.9629629629629629,0.9976580796252927,0.979757085020243
5,7,34,0.004749657542561181,0.9949050086355786,0.9629629629629629,0.9972535661060251,0.9714285714285714
5,7,35,0.004917010403005406,0.9943868739205527,0.9672131147540983,0.9976154992548435,0.97165991902834
5,7,36,0.006674643918813672,0.9953367875647668,0.9590163934426229,0.9968490525867575,0.979757085020243
5,7,37,0.007121605478459969,0.9918393782383419,0.9672131147540983,0.9959335746220992,0.963265306122449
5,7,38,0.006143863502074964,0.9952504317789292,0.9658119658119658,0.9966787311049606,0.9535864978902954
5,7,39,0.007132354046916589,0.9969127806563041,0.963265306122449,0.9972961464764742,0.9758064516129032
5,7,40,0.005611978907836601,0.9960708117443868,0.9663865546218487,0.9975516286991697,0.9754098360655737
5,7,41,0.002871050135581754,0.9955310880829015,0.970954356846473,0.9964019586970407,0.9754098360655737
5,7,42,0.0048042755806818604,0.9935233160621761,0.9663865546218487,0.9950180966574409,0.9669421487603306
5,7,43,0.005582300407695584,0.9921632124352332,0.959349593495935,0.996657440919736,0.968
5,7,44,0.00539694880717434,0.9917098445595856,0.8940092165898618,0.99561422184373,0.8558139534883721
5,7,45,0.00600133155239746,0.9927892918825562,0.9711934156378601,0.9970619544390036,0.9714285714285714
5,7,46,0.0023705757776042446,0.9933074265975822,0.9663865546218487,0.9972322759208004,0.9666666666666667
5,7,47,0.0036737446644110605,0.9931563039723662,0.9672131147540983,0.996763891845859,0.9714285714285714
5,7,48,0.004964188046869822,0.9935449050086357,0.9672131147540983,0.9972322759208005,0.975609756097561
5,7,49,0.0018686926996451803,0.993674438687392,0.963265306122449,0.9975516286991697,0.979757085020243
5,7,50,0.002419799850031268,0.9938039723661486,0.9672131147540983,0.9972535661060251,0.975609756097561
5,17,1,0.5720398537814617,0.08102331606217615,0.0,0.05637641047477115,0.0
5,17,2,0.37501975148916245,0.2374784110535406,0.0,0.20323610815414095,0.0
5,17,3,0.19808492250740528,0.6716753022452504,0.0,0.6964871194379391,0.0
5,17,4,0.08508708141744137,0.7702720207253886,0.0,0.8047264211198638,0.0
5,17,5,0.052193762734532356,0.730699481865285,0.0,0.7753672556951245,0.0
5,17,6,0.050418992061167955,0.9387089810017272,0.0,0.9510538641686183,0.0
5,17,7,0.04140867362730205,0.9977979274611398,0.0,0.9968277624015329,0.0
5,17,8,0.03320556227117777,0.9985967184801382,0.0,0.9983606557377049,0.048
5,17,9,0.03083970700390637,0.9992012089810017,0.7692307692307693,0.9992974238875878,0.7291666666666666
5,17,10,0.02334050158970058,0.999006908462867,0.9623430962343096,0.9987438790717479,0.9754098360655737
5,17,11,0.02167062892112881,0.9990932642487047,0.9473684210526315,0.9992974238875878,0.944206008583691
5,17,12,0.019500765833072364,0.9990500863557858,0.9711934156378601,0.9990206514796679,0.983739837398374
5,17,13,0.020718419458717108,0.9990932642487047,0.9572649572649573,0.9992761337023632,0.9623430962343096
5,17,14,0.018397093110252172,0.9990500863557858,0.9586776859504132,0.9988929103683202,0.983739837398374
5,17,15,0.013707248319406062,0.9991796200345423,0.9669421487603306,0.9991909729614648,0.983739837398374
5,17,16,0.013365726626943797,0.9989637305699481,0.963265306122449,0.9987651692569726,0.983739837398374
5,17,17,0.017020739032886922,0.999006908462867,0.963265306122449,0.9989993612944432,0.983739837398374
5,17,18,0.018233017035527155,0.9986183074265976,0.9551020408163265,0.9992548435171386,0.983739837398374
5,17,19,0.01749162090709433,0.999006908462867,0.9661016949152542,0.9991483925910155,0.9794238683127572
5,17,20,0.0108460818300955,0.9991796200345423,0.963265306122449,0.9988716201830956,0.9795918367346939
5,17,21,0.014764196937903762,0.9988773747841104,0.959349593495935,0.9988609750904832,0.983739837398374
5,17,22,0.012196091120131314,0.9987910189982728,0.9572649572649573,0.9987864594421971,0.957983193277311
5,17,23,0.013678593619260937,0.9979490500863557,0.9702127659574468,0.999233553331914,0.9752066115702479
5,17,24,0.00948528794106096,0.99926597582038,0.9714285714285714,0.9988290398126464,0.975609756097561
5,17,25,0.008793093118583784,0.9986183074265975,0.9482758620689655,0.9991909729614648,0.9663865546218487
5,17,26,0.01358094799797982,0.999006908462867,0.959349593495935,0.999127102405791,0.979757085020243
5,17,27,0.011501481145387515,0.9989637305699482,0.959349593495935,0.9988716201830956,0.9718875502008032
5,17,28,0.01246989905484952,0.9985103626943005,0.9613733905579399,0.998467106663828,0.9620253164556962
5,17,29,0.007014260248979554,0.9988126079447323,0.9629629629629629,0.998467106663828,0.983739837398374
5,17,30,0.008095785160548985,0.9989205526770293,0.9747899159663865,0.9976793698105173,0.970954356846473
5,17,31,0.0051513463840819895,0.9990500863557858,0.9554655870445344,0.9987438790717479,0.9795918367346939
5,17,32,0.0045366359554464,0.9988773747841105,0.963265306122449,0.9986800085160741,0.979757085020243
5,17,33,0.004191726751741953,0.9990932642487047,0.9707112970711297,0.9984458164786033,0.970954356846473
5,17,34,0.00952238146419404,0.9974309153713299,0.9465020576131687,0.9985096870342772,0.975609756097561
5,17,35,0.007790308227413334,0.9985535405872193,0.9558232931726908,0.9977858207366405,0.9718875502008032
5,17,36,0.008907200244721025,0.9991148531951641,0.9704641350210971,0.9979561422184372,0.970954356846473
5,17,37,0.0066444638796383515,0.9979490500863557,0.9626556016597511,0.9973813072173727,0.9672131147540983
5,17,38,0.007582352816825733,0.9983592400690846,0.9666666666666667,0.9985522674047264,0.9669421487603306
5,17,39,0.005217833444476128,0.9978842832469775,0.9590163934426229,0.9986587183308495,0.9795918367346939
5,17,40,0.004701614860096015,0.9982728842832469,0.9704641350210971,0.9981690440706834,0.9669421487603306
5,17,41,0.005067156889708713,0.9984887737478412,0.959349593495935,0.9986161379604002,0.983739837398374
5,17,42,0.004231189224810805,0.9983376511226252,0.9629629629629629,0.9978709814775388,0.9754098360655737
5,17,43,0.002434575158986263,0.9975172711571676,0.9543568464730291,0.9974451777730466,0.9754098360655737
5,17,44,0.002922885767475236,0.9981217616580311,0.9586776859504132,0.9977432403661911,0.9754098360655737
5,17,45,0.004226744425977813,0.9984240069084629,0.959349593495935,0.998190334255908,0.979757085020243
5,17,46,0.00343094726849813,0.9987478411053541,0.9666666666666667,0.9985096870342771,0.9711934156378601
5,17,47,0.004674178213463165,0.9979706390328152,0.9551020408163265,0.9977219501809665,0.9795918367346939
5,17,48,0.003291635191999376,0.9982512953367875,0.9623430962343096,0.9973174366616989,0.9669421487603306
5,17,49,0.0035276088055979926,0.9975388601036269,0.9554655870445344,0.9981264637002342,0.9758064516129032
5,17,50,0.0018031270483334083,0.9985319516407599,0.9669421487603306,0.998190334255908,0.9795918367346939
5,37,1,0.5514666698873043,0.09550949913644215,0.0,0.09246327443048756,0.0
5,37,2,0.35041529312729836,0.1891623488773748,0.0,0.16022993400042582,0.0
5,37,3,0.15022522769868374,0.2979706390328152,0.0,0.2544815839897807,0.0
5,37,4,0.06448150891810656,0.49773316062176165,0.0,0.4955929316585054,0.0
5,37,5,0.04559700284153223,0.7118955094991365,0.0,0.7407068341494571,0.0
5,37,6,0.04259684099815786,0.958570811744387,0.0,0.9567809239940388,0.0
5,37,7,0.03388616465963423,0.9908031088082901,0.0,0.9910581222056631,0.0
5,37,8,0.03422900172881782,0.9988557858376511,0.0,0.9979135618479881,0.0
5,37,9,0.026610760600306094,0.9989421416234887,0.9495798319327731,0.9990419416648925,0.9752066115702479
5,37,10,0.02491591835860163,0.9990284974093264,0.9380530973451328,0.9989993612944432,0.925764192139738
5,37,11,0.021739988354966044,0.9988989637305699,0.9551020408163265,0.9990206514796679,0.979757085020243
5,37,12,0.0235361335799098,0.9992659758203799,0.9745762711864406,0.9993187140728125,0.9663865546218487
5,37,13,0.02000979019794613,0.9989421416234887,0.9672131147540983,0.9994251649989355,0.975609756097561
5,37,14,0.015663720259908587,0.9991580310880829,0.9699570815450643,0.9990419416648925,0.9531914893617022
5,37,15,0.014447930501773953,0.9980354058721934,0.959349593495935,0.9992761337023632,0.9758064516129032
5,37,16,0.015912600909359753,0.9992227979274612,0.9629629629629629,0.9985522674047264,0.9795918367346939
5,37,17,0.01415341708343476,0.9978626943005181,0.9583333333333334,0.9990845220353417,0.9876543209876543
5,37,18,0.013275712088216096,0.9980354058721934,0.961038961038961,0.999063231850117,0.9707112970711297
5,37,19,0.012659990170504898,0.9975172711571676,0.9551020408163265,0.9989780711092187,0.979757085020243
5,37,20,0.00902907201088965,0.9968911917098446,0.9547325102880658,0.9983393655524803,0.983739837398374
5,37,21,0.010268936079228297,0.9979922279792747,0.9699570815450643,0.9983606557377049,0.9620253164556962
5,37,22,0.008539119240595028,0.9964378238341969,0.9516129032258065,0.9989993612944432,0.968
5,37,23,0.00826641461753752,0.9981001727115717,0.9508196721311475,0.9982754949968065,0.9795918367346939
5,37,24,0.010332459554774687,0.9933506044905009,0.9516129032258065,0.9987651692569726,0.9718875502008032
5,37,25,0.010566384386038408,0.9974956822107082,0.9663865546218487,0.9980413029593357,0.9794238683127572
5,37,26,0.007106784323696047,0.9967832469775475,0.961038961038961,0.9979348520332126,0.9396551724137931
5,37,27,0.006717906071571633,0.9970854922279793,0.9547325102880658,0.9984458164786033,0.983739837398374
5,37,28,0.006243753858143464,0.9974309153713299,0.9554655870445344,0.9978922716627634,0.979757085020243
5,37,29,0.01368736287986394,0.9948402417962003,0.9663865546218487,0.9980838833297849,0.9711934156378601
5,37,30,0.005434107501059771,0.9981865284974093,0.9669421487603306,0.9979987225888866,0.9836065573770492
5,37,31,0.006884208210976794,0.9975820379965458,0.9427312775330396,0.9979987225888864,0.925764192139738
5,37,32,0.005255262571154162,0.9948618307426598,0.959349593495935,0.9987225888865233,0.983739837398374
5,37,33,0.005180183201446198,0.9969775474956822,0.9747899159663865,0.9978496912923143,0.9669421487603306
5,37,34,0.003635043729445897,0.9951640759930916,0.9663865546218487,0.9979774324036619,0.9752066115702479
5,37,35,0.004520377027802169,0.9950561312607945,0.9508196721311475,0.9983819459229295,0.983739837398374
5,37,36,0.004132123049203074,0.995185664939551,0.959349593495935,0.9988929103683202,0.979757085020243
5,37,37,0.005627078440738842,0.9936960276338516,0.9586776859504132,0.999127102405791,0.9714285714285714
5,37,38,0.008109782000246923,0.9962435233160623,0.9629629629629629,0.9977432403661912,0.9754098360655737
5,37,39,0.007021232566330582,0.993458549222798,0.9669421487603306,0.9984883968490526,0.9711934156378601
5,37,40,0.006775652815122157,0.9980569948186528,0.9482071713147411,0.9993187140728125,0.968
5,37,41,0.007578936783829704,0.9971934369602764,0.9702127659574468,0.9977858207366403,0.9623430962343096
5,37,42,0.006046052585588768,0.9923359240069086,0.959349593495935,0.9989354907387694,0.9795918367346939
5,37,43,0.005531393238925375,0.9947970639032816,0.9626556016597511,0.9988290398126464,0.9711934156378601
5,37,44,0.002296257829584647,0.9959412780656304,0.970954356846473,0.9980200127741111,0.9711934156378601
5,37,45,0.003478883547359146,0.9971286701208981,0.9629629629629629,0.9987225888865233,0.9754098360655737
5,37,46,0.004026431637612404,0.9960708117443868,0.9590163934426229,0.9990419416648925,0.983739837398374
5,37,47,0.004176778675173409,0.9950345423143351,0.9547325102880658,0.9983819459229295,0.9754098360655737
5,37,48,0.006025615497492254,0.995034542314335,0.9658119658119658,0.998467106663828,0.9666666666666667
5,37,49,0.00466413831236423,0.994818652849741,0.9635627530364372,0.999127102405791,0.979757085020243
5,37,50,0.003947662031350774,0.996286701208981,0.9672131147540983,0.9987438790717479,0.9711934156378601
7,7,1,0.5340325869619846,0.06800518134715026,0.0,0.05541835213966363,0.0
7,7,2,0.30077522806823254,0.10941278065630397,0.0,0.10417287630402385,0.0
7,7,3,0.12225549295544624,0.18352763385146806,0.0,0.17924206940600385,0.0
7,7,4,0.0559657271951437,0.3792854058721935,0.0,0.38345752608047695,0.0
7,7,5,0.0372857681941241,0.7423251295336788,0.0,0.7457951884181393,0.0
7,7,6,0.02814402594231069,0.9820595854922279,0.0,0.9880136257185437,0.0
7,7,7,0.020819838653551415,0.9914291882556131,0.7628865979381443,0.9961890568447945,0.78
7,7,8,0.020546693936921656,0.9896373056994819,0.9576271186440678,0.9969555035128805,0.970954356846473
7,7,9,0.018013806082308292,0.9960708117443868,0.9745762711864406,0.9994464551841601,0.9834710743801653
7,7,10,0.016169915965292603,0.994926597582038,0.979253112033195,0.9987864594421971,0.9795918367346939
7,7,11,0.01125525642419234,0.993933506044905,0.9745762711864406,0.9990845220353417,0.9876543209876543
7,7,12,0.011583321378566325,0.9940630397236616,0.975,0.9988077496274217,0.9754098360655737
7,7,13,0.013277721533086151,0.9916882556131261,0.9385964912280702,0.9991058122205663,0.935064935064935
7,7,14,0.015459732385352254,0.9944948186528497,0.957983193277311,0.9961251862891207,0.9711934156378601
7,7,15,0.009668588696513325,0.9948834196891192,0.9669421487603306,0.9983819459229295,0.975609756097561
7,7,16,0.009693440573755652,0.9942141623488773,0.975,0.9969129231424313,0.9754098360655737
7,7,17,0.015090826083905995,0.9955310880829016,0.9711934156378601,0.9973174366616989,0.9714285714285714
7,7,18,0.012679936829954386,0.9956606217616579,0.9635627530364372,0.9991909729614648,0.9718875502008032
7,7,19,0.008716592972632498,0.9942573402417962,0.9586776859504132,0.9984032361081541,0.975609756097561
7,7,20,0.006549216515850276,0.9926381692573402,0.9663865546218487,0.996763891845859,0.9754098360655737
7,7,21,0.007732473473879509,0.9916450777202073,0.9623430962343096,0.9969555035128805,0.9754098360655737
7,7,22,0.00471461279084906,0.9944300518134715,0.9707112970711297,0.9973174366616989,0.9752066115702479
7,7,23,0.005729694705223665,0.9927461139896373,0.9590163934426229,0.9989142005535449,0.9714285714285714
7,7,24,0.005575924820732325,0.9938471502590674,0.959349593495935,0.9976793698105173,0.9714285714285714
7,7,25,0.004625821384252049,0.9975172711571676,0.963265306122449,0.9970619544390036,0.9714285714285714
7,7,26,0.003724173584487289,0.994559585492228,0.970954356846473,0.9976580796252927,0.9754098360655737
7,7,27,0.003488249014480971,0.9938687392055268,0.9635627530364372,0.996870342771982,0.975609756097561
7,7,28,0.0031340869463747367,0.9953799654576856,0.9666666666666667,0.9976580796252927,0.9754098360655737
7,7,29,0.0034493397470214404,0.994084628670121,0.9666666666666667,0.9964658292527144,0.9754098360655737
7,7,30,0.004071085044415668,0.9947538860103627,0.9672131147540983,0.9981264637002342,0.967479674796748
7,7,31,0.005293754453305155,0.9950777202072539,0.970954356846473,0.9976367894400682,0.9714285714285714
7,7,32,0.003162989320117049,0.995293609671848,0.9752066115702479,0.9979774324036619,0.9754098360655737
7,7,33,0.0017268081319343764,0.9948186528497409,0.9669421487603306,0.9977432403661912,0.9714285714285714
7,7,34,0.003040880703338189,0.9944948186528498,0.970954356846473,0.9969980838833298,0.9714285714285714
7,7,35,0.002470538001944078,0.9951208981001727,0.9590163934426229,0.9981264637002342,0.9714285714285714
7,7,36,0.0021234443665889557,0.994192573402418,0.9554655870445344,0.9980200127741111,0.9714285714285714
7,7,37,0.003233554938560701,0.9958981001727116,0.9620253164556962,0.9970832446242283,0.9711934156378601
7,7,38,0.002795033320580842,0.9959628670120899,0.9666666666666667,0.9983819459229295,0.9754098360655737
7,7,39,0.0023664822620048653,0.9958981001727116,0.9663865546218487,0.9985522674047264,0.9754098360655737
7,7,40,0.002589696534414543,0.9940846286701209,0.959349593495935,0.9984245262933787,0.97165991902834
7,7,41,0.0020994120386603754,0.9954015544041451,0.9623430962343096,0.9980413029593357,0.9754098360655737
7,7,42,0.002066226639726665,0.9948834196891192,0.963265306122449,0.9986374281456248,0.9795918367346939
7,7,43,0.003495799388474552,0.9958117443868739,0.963265306122449,0.9986161379604003,0.9714285714285714
7,7,44,0.002578462917881552,0.996286701208981,0.959349593495935,0.9986161379604003,0.979757085020243
7,7,45,0.005539824338484323,0.9948618307426598,0.9380530973451328,0.9952522886949116,0.9264069264069265
7,7,46,0.001473330257795169,0.9950777202072539,0.9586776859504132,0.9987225888865233,0.9754098360655737
7,7,47,0.0021321920794434845,0.9962651122625217,0.9590163934426229,0.9985096870342772,0.975609756097561
7,7,48,0.0016902426905289758,0.9951856649395511,0.9629629629629629,0.9981051735150096,0.975609756097561
7,7,49,0.002479228316587978,0.9964810017271157,0.9586776859504132,0.9987438790717479,0.9795918367346939
7,7,50,0.0029654259378730785,0.9956822107081175,0.9672131147540983,0.9976580796252927,0.9754098360655737
7,17,1,0.5389169082045555,0.06647236614853194,0.0,0.047285501383862054,0.0
7,17,2,0.339428149163723,0.10276338514680483,0.0,0.08147753885458806,0.0
7,17,3,0.15319230686873198,0.12288428324697756,0.0,0.10096870342771984,0.0
7,17,4,0.06433139671571553,0.16625647668393784,0.0,0.1681924632744305,0.0
7,17,5,0.04379638656973839,0.45177029360967186,0.0,0.4990206514796679,0.0
7,17,6,0.03406496858224273,0.971545768566494,0.0,0.9682989142005535,0.0
7,17,7,0.024569914676249027,0.9969343696027634,0.0,0.9979348520332126,0.0
7,17,8,0.020813313545659184,0.9982944732297064,0.9473684210526315,0.999233553331914,0.9576271186440678
7,17,9,0.021376743563450873,0.9981433506044906,0.9743589743589743,0.9993612944432616,0.975
7,17,10,0.01453253475483507,0.9964378238341969,0.9661016949152542,0.998573557589951,0.9666666666666667
7,17,11,0.014038072316907346,0.9962219343696028,0.9626556016597511,0.9993825846284863,0.9836065573770492
7,17,12,0.010725950909545645,0.9976899827288428,0.9714285714285714,0.9983393655524803,0.983739837398374
7,17,13,0.011080368305556476,0.9984455958549223,0.9790794979079498,0.998296785182031,0.9836065573770492
7,17,14,0.008522197254933417,0.9962651122625217,0.9554655870445344,0.9978284011070896,0.9718875502008032
7,17,15,0.011207597854081541,0.9964162348877375,0.6440677966101694,0.993974877581435,0.6333333333333333
7,17,16,0.007979074362083338,0.9962003454231434,0.9663865546218487,0.9981690440706834,0.9754098360655737
7,17,17,0.006523181305965409,0.9978626943005181,0.9711934156378601,0.9973174366616989,0.9754098360655737
7,17,18,0.008946464979089797,0.9970423143350604,0.967479674796748,0.9976793698105173,0.975609756097561
7,17,19,0.005807086534332484,0.9970854922279793,0.9672131147540983,0.9980838833297849,0.983739837398374
7,17,20,0.005742354551330209,0.9974956822107082,0.9669421487603306,0.9971258249946774,0.9795918367346939
7,17,21,0.003374776686541736,0.9952936096718481,0.9590163934426229,0.9975090483287204,0.975609756097561
7,17,22,0.009150310506811365,0.9978195164075994,0.9666666666666667,0.998573557589951,0.9795918367346939
7,17,23,0.005326308571966365,0.9970854922279793,0.963265306122449,0.995997445177773,0.979757085020243
7,17,24,0.012812061730073765,0.9962003454231434,0.9672131147540983,0.9966148605492868,0.9754098360655737
7,17,25,0.009056259121280164,0.9964378238341969,0.9629629629629629,0.9973813072173727,0.983739837398374
7,17,26,0.006334951729513705,0.9931347150259068,0.9590163934426229,0.998190334255908,0.9795918367346939
7,17,27,0.004832426900975406,0.9936096718480139,0.9629629629629629,0.9982542048115819,0.9754098360655737
7,17,28,0.003483940308797173,0.9974309153713299,0.9663865546218487,0.9973174366616989,0.9451476793248945
7,17,29,0.002848898191587068,0.9946459412780657,0.9590163934426229,0.9976793698105173,0.9795918367346939
7,17,30,0.0050998780789086595,0.994451640759931,0.9626556016597511,0.9980413029593357,0.9711934156378601
7,17,31,0.0036615349672501907,0.9971286701208981,0.9672131147540983,0.998573557589951,0.983739837398374
7,17,32,0.002209656173363328,0.9956606217616579,0.9672131147540983,0.9975729188843943,0.979757085020243
7,17,33,0.0025874662824207917,0.9947754749568221,0.9669421487603306,0.9963593783265914,0.9754098360655737
7,17,34,0.002709598349611042,0.9973229706390329,0.9629629629629629,0.9973387268469236,0.9795918367346939
7,17,35,0.002826624391673249,0.9980354058721934,0.967479674796748,0.9983393655524803,0.983739837398374
7,17,36,0.006210493193066213,0.9967184801381692,0.9672131147540983,0.9976580796252927,0.9795918367346939
7,17,37,0.003963328446843661,0.9951856649395509,0.9629629629629629,0.9980625931445604,0.9795918367346939
7,17,38,0.003092599523370154,0.9954879101899827,0.9586776859504132,0.9982329146263572,0.9669421487603306
7,17,39,0.00327510293936939,0.9975604490500865,0.9586776859504132,0.9979135618479881,0.983739837398374
7,17,40,0.002226261371106375,0.9967832469775476,0.9586776859504132,0.9984032361081541,0.983739837398374
7,17,41,0.0035855461173923686,0.9958981001727115,0.970954356846473,0.9975516286991697,0.9754098360655737
7,17,42,0.00398003147347481,0.9981865284974094,0.967479674796748,0.9981051735150095,0.979757085020243
7,17,43,0.012822448552469723,0.9936528497409327,0.9590163934426229,0.9983180753672558,0.975609756097561
7,17,44,0.009848762827459723,0.9975820379965457,0.9672131147540983,0.9971684053651266,0.97165991902834
7,17,45,0.010432398798002396,0.9978411053540587,0.9523809523809523,0.9979348520332126,0.9491525423728814
7,17,46,0.006549984391313046,0.991731433506045,0.6214689265536724,0.995124547583564,0.6022727272727273
7,17,47,0.009213781973812729,0.9988341968911918,0.9669421487603306,0.9983606557377049,0.9795918367346939
7,17,48,0.006757925541023724,0.9971718480138169,0.9365079365079365,0.9988077496274217,0.9641434262948207
7,17,49,0.0038119796226965263,0.9982512953367876,0.9672131147540983,0.9986800085160741,0.979757085020243
7,17,50,0.0021595656289719045,0.9988557858376511,0.9629629629629629,0.9980838833297849,0.983739837398374
7,37,1,0.5501008741557598,0.08819084628670121,0.0,0.06802214179263362,0.0
7,37,2,0.3705817833542824,0.07016407599309155,0.0,0.052906110283159474,0.0
7,37,3,0.20190971717238426,0.06634283246977549,0.0,0.051671279540132016,0.0
7,37,4,0.08802788611501455,0.0880181347150259,0.0,0.0804769001490313,0.0
7,37,5,0.04200280946679413,0.5975172711571675,0.0,0.5820949542261018,0.0
7,37,6,0.03521294891834259,0.9606001727115716,0.0,0.952927400468384,0.0
7,37,7,0.029265127959661186,0.9832685664939551,0.0,0.9822865658931234,0.0
7,37,8,0.025467548286542296,0.9981217616580311,0.9285714285714286,0.998296785182031,0.9210526315789473
7,37,9,0.02756941894767806,0.9963730569948187,0.9543568464730291,0.9995103257398339,0.9795918367346939
7,37,10,0.018465835019014776,0.9963082901554403,0.963265306122449,0.9981051735150096,0.9758064516129032
7,37,11,0.02478881797287613,0.9968696027633851,0.9523809523809523,0.9994038748137108,0.9576271186440678
7,37,12,0.019501722999848425,0.9940198618307428,0.963265306122449,0.9985522674047264,0.979757085020243
7,37,13,0.015214360784739256,0.9931563039723661,0.9620253164556962,0.9988503299978709,0.9711934156378601
7,37,14,0.013925324310548604,0.9916666666666667,0.9551020408163265,0.9988929103683202,0.9758064516129032
7,37,15,0.010628956195432693,0.9927892918825562,0.9704641350210971,0.9988290398126464,0.9752066115702479
7,37,16,0.010800970892887563,0.9922711571675302,0.9547325102880658,0.9990206514796678,0.9795918367346939
7,37,17,0.010050343364127912,0.9944084628670121,0.9590163934426229,0.9988503299978709,0.9714285714285714
7,37,18,0.007538858320913278,0.9943868739205528,0.9590163934426229,0.9991058122205663,0.979757085020243
7,37,19,0.00880664522992447,0.9938903281519862,0.9663865546218487,0.9987225888865233,0.9752066115702479
7,37,20,0.010362231187173165,0.9926597582037997,0.9704641350210971,0.9977432403661912,0.9752066115702479
7,37,21,0.007180507091106847,0.9927029360967184,0.9626556016597511,0.9973387268469235,0.9714285714285714
7,37,22,0.008525817946065217,0.9924006908462868,0.9469387755102041,0.9987651692569726,0.9718875502008032
7,37,23,0.012900157802505419,0.9951424870466321,0.9743589743589743,0.9988077496274217,0.9707112970711297
7,37,24,0.02553453843574971,0.9931563039723661,0.9551020408163265,0.9982542048115819,0.9718875502008032
7,37,25,0.015434443717822433,0.9955094991364422,0.9547325102880658,0.9980625931445604,0.9795918367346939
7,37,26,0.01710005378117785,0.9971286701208981,0.9583333333333334,0.9983393655524803,0.9795918367346939
7,37,27,0.013117178808897734,0.9971070811744387,0.959349593495935,0.9989993612944432,0.979757085020243
7,37,28,0.010894071485381573,0.9929188255613125,0.9551020408163265,0.9976154992548435,0.983739837398374
7,37,29,0.014369276294019073,0.9968911917098445,0.9626556016597511,0.9973600170321482,0.983739837398374
7,37,30,0.012055152852553874,0.9935449050086357,0.9583333333333334,0.9975729188843943,0.9795918367346939
7,37,31,0.006863716378575191,0.9915371329879101,0.9551020408163265,0.9972961464764745,0.9758064516129032
7,37,32,0.0069496771902777255,0.9922495682210709,0.9543568464730291,0.9982542048115818,0.9795918367346939
7,37,33,0.004407672327943146,0.9934801381692574,0.9590163934426229,0.9981477538854587,0.979757085020243
7,37,34,0.0045380829978967085,0.9941493955094992,0.9704641350210971,0.9976793698105173,0.9794238683127572
7,37,35,0.0041408218603464775,0.9928972366148532,0.9469387755102041,0.9982329146263572,0.979757085020243
7,37,36,0.004958369223459158,0.9928756476683939,0.9504132231404959,0.9975942090696188,0.9754098360655737
7,37,37,0.0032416588728665374,0.9930051813471503,0.9551020408163265,0.9974664679582712,0.983739837398374
7,37,38,0.004004475849797018,0.9927892918825562,0.9547325102880658,0.9973174366616989,0.9754098360655737
7,37,39,0.0043298904347466305,0.9930483592400691,0.959349593495935,0.998020012774111,0.979757085020243
7,37,40,0.003842307825834723,0.992940414507772,0.9547325102880658,0.9983393655524803,0.983739837398374
7,37,41,0.0033876913403219078,0.9928108808290156,0.9554655870445344,0.9978284011070896,0.979757085020243
7,37,42,0.002818565186316846,0.9941493955094992,0.959349593495935,0.997594209069619,0.979757085020243
7,37,43,0.004638496473489795,0.9945164075993091,0.959349593495935,0.9984032361081541,0.979757085020243
7,37,44,0.003566592862625839,0.9939119170984457,0.9504132231404959,0.9983819459229295,0.9754098360655737
7,37,45,0.001978971817152342,0.9928540587219344,0.9504132231404959,0.9981264637002342,0.9754098360655737
7,37,46,0.0023045058969728416,0.9931131260794475,0.9551020408163265,0.9987864594421971,0.983739837398374
7,37,47,0.002526473646867089,0.9936096718480139,0.9629629629629629,0.998573557589951,0.983739837398374
7,37,48,0.0023184022029454354,0.9929188255613127,0.963265306122449,0.998190334255908,0.979757085020243
7,37,49,0.0044062692522857105,0.9935233160621763,0.9543568464730291,0.9983180753672557,0.9754098360655737
7,37,50,0.002962931030197069,0.9935017271157168,0.9543568464730291,0.9982754949968065,0.983739837398374
