model,dataset,seed,epoch,train_loss,val_loss,val_rmse,test_loss,test_rmse
GCN-CfC,ESOL,7,1,0.8610080108046532,0.9928047060966492,2.0643492991054204,0.9686442613601685,2.039076180247751
GCN-CfC,ESOL,7,2,0.5278571173548698,0.7470167875289917,1.7906738088190306,0.652260959148407,1.6732544956531599
GCN-CfC,ESOL,7,3,0.4904961474239826,0.519014298915863,1.4925914437349448,0.5077404975891113,1.4762917729603868
GCN-CfC,ESOL,7,4,0.3477143868803978,0.3991384506225586,1.3089198830568416,0.3812779188156128,1.279299111400717
GCN-CfC,ESOL,7,5,0.350750632584095,0.5546247363090515,1.5429465763092254,0.5509114861488342,1.5377728631024359
GCN-CfC,ESOL,7,6,0.3393941670656204,0.45328405499458313,1.3948788249803203,0.433716744184494,1.3644397262059524
GCN-CfC,ESOL,7,7,0.29373304173350334,0.37851718068122864,1.2746591617308094,0.38715705275535583,1.2891245509153981
GCN-CfC,ESOL,7,8,0.28253879211843014,0.28399458527565,1.1040946589088245,0.27822214365005493,1.0928161994537664
GCN-CfC,ESOL,7,9,0.20424254424870014,0.2791823446750641,1.0947003731500198,0.2669408619403839,1.0704313894357924
GCN-CfC,ESOL,7,10,0.22588400729000568,0.3206893801689148,1.1732582067059947,0.3426376283168793,1.2127430898280391
GCN-CfC,ESOL,7,11,0.1801770906895399,0.28262844681739807,1.101435877238753,0.3148568868637085,1.1625399777501195
GCN-CfC,ESOL,7,12,0.18017751909792423,0.29266488552093506,1.1208218766564066,0.26369473338127136,1.0639028824388619
GCN-CfC,ESOL,7,13,0.2807328477501869,0.22023499011993408,0.9722868436196902,0.19959859549999237,0.9256142574307683
GCN-CfC,ESOL,7,14,0.1878930814564228,0.18865293264389038,0.8998768099610198,0.19783297181129456,0.921511238874099
GCN-CfC,ESOL,7,15,0.17179298400878906,0.2655734717845917,1.0676861024108397,0.22310495376586914,0.9786015090257153
GCN-CfC,ESOL,7,16,0.14940467849373817,0.21760708093643188,0.9664686474280926,0.21979688107967377,0.9713193599133942
GCN-CfC,ESOL,7,17,0.256820329464972,0.2294759899377823,0.9924757230946052,0.25827643275260925,1.0529158794932008
GCN-CfC,ESOL,7,18,0.17667146865278482,0.21398864686489105,0.9583996390472586,0.19716046750545502,0.9199436128481788
GCN-CfC,ESOL,7,19,0.2072456143796444,0.20993301272392273,0.949274163532112,0.19486938416957855,0.9145829438981348
GCN-CfC,ESOL,7,20,0.14729187730699778,0.23067426681518555,0.9950636380418348,0.19640249013900757,0.918173552048005
GCN-CfC,ESOL,7,21,0.13976881839334965,0.2960783541202545,1.1273392093643668,0.30820798873901367,1.1501997318140817
GCN-CfC,ESOL,7,22,0.1445470079779625,0.23876522481441498,1.0123642441903207,0.2040591537952423,0.9358997674892204
GCN-CfC,ESOL,7,23,0.16096477769315243,0.3437948226928711,1.2147892881494555,0.24961356818675995,1.035107363140285
GCN-CfC,ESOL,7,24,0.16162369959056377,0.23168043792247772,0.9972314358807748,0.21875879168510437,0.9690229277540816
GCN-CfC,ESOL,7,25,0.14711373671889305,0.178156778216362,0.8744851709507709,0.1605146825313568,0.8300584499046911
GCN-CfC,ESOL,7,26,0.11756439786404371,0.1764046847820282,0.8701744531695783,0.16576284170150757,0.8435190732503346
GCN-CfC,ESOL,7,27,0.1270742742344737,0.15499860048294067,0.8156711974525447,0.155733123421669,0.8176017294883166
GCN-CfC,ESOL,7,28,0.2111275987699628,0.2604382038116455,1.057313151524927,0.23937998712062836,1.01366681812473
GCN-CfC,ESOL,7,29,0.2160076592117548,0.3726824223995209,1.2647967513025196,0.29613420367240906,1.127445529882292
GCN-CfC,ESOL,7,30,0.18369384296238422,0.31266218423843384,1.1584811463943678,0.23997992277145386,1.0149362429433635
GCN-CfC,ESOL,7,31,0.15114495903253555,0.17964737117290497,0.8781358860739368,0.15426819026470184,0.8137471823929204
GCN-CfC,ESOL,7,32,0.1109844446182251,0.22332504391670227,0.9790840249323893,0.20531415939331055,0.9387733712569699
GCN-CfC,ESOL,7,33,0.12593583576381207,0.19176128506660461,0.9072600031049246,0.18234778940677643,0.8847111902059811
GCN-CfC,ESOL,7,34,0.15798110514879227,0.15946528315544128,0.8273406362790167,0.15573422610759735,0.8176045726539076
GCN-CfC,ESOL,7,35,0.217810089699924,0.2249574065208435,0.9826557950264291,0.21245698630809784,0.9549635055818917
GCN-CfC,ESOL,7,36,0.1475511435419321,0.1854744255542755,0.8922638454608225,0.16528774797916412,0.8423093222869307
GCN-CfC,ESOL,7,37,0.12227657809853554,0.15990735590457916,0.8284866335129598,0.15970289707183838,0.8279568123519273
GCN-CfC,ESOL,7,38,0.11436632182449102,0.15762639045715332,0.8225564329156773,0.15863649547100067,0.8251879087939872
GCN-CfC,ESOL,7,39,0.09531357791274786,0.1689404398202896,0.8515656147471168,0.1508672833442688,0.8047274977733813
GCN-CfC,ESOL,7,40,0.10363862290978432,0.16256338357925415,0.8353388416319752,0.15641559660434723,0.8193912237381253
GCN-CfC,ESOL,7,41,0.2272031856700778,0.18695953488349915,0.89582893828859,0.15742631256580353,0.822034282261807
GCN-CfC,ESOL,7,42,0.12353615695610642,0.17416025698184967,0.8646209815840402,0.16313005983829498,0.8367935147261176
GCN-CfC,ESOL,7,43,0.08970903186127543,0.22526496648788452,0.9833273080598105,0.1744033694267273,0.8652243172295646
GCN-CfC,ESOL,7,44,0.13137872703373432,0.160440593957901,0.82986688057682,0.14382022619247437,0.7857081812460434
GCN-CfC,ESOL,7,45,0.1032735463231802,0.1584046185016632,0.8245845543375432,0.16635841131210327,0.8450329528116555
GCN-CfC,ESOL,7,46,0.1103643337264657,0.17613516747951508,0.8695094665376157,0.1450708508491516,0.7891169236554056
GCN-CfC,ESOL,7,47,0.10409335978329182,0.20159755647182465,0.9302376473746422,0.18327927589416504,0.8869680314737991
GCN-CfC,ESOL,17,1,0.8728625401854515,0.9903671145439148,2.061813587061582,0.9708008766174316,2.041344896249312
GCN-CfC,ESOL,17,2,0.5309544019401073,0.7892348170280457,1.8405786168418319,0.6636838912963867,1.6878423696699005
GCN-CfC,ESOL,17,3,0.4138426333665848,0.5490908622741699,1.5352297078580432,0.5077232122421265,1.4762665790140488
GCN-CfC,ESOL,17,4,0.4019431099295616,0.39270463585853577,1.2983277238880533,0.3716960549354553,1.2631220144531965
GCN-CfC,ESOL,17,5,0.28598313219845295,0.30425769090652466,1.1428048194249547,0.3273865878582001,1.1854458157799825
GCN-CfC,ESOL,17,6,0.2907339073717594,0.36289310455322266,1.2480748133151525,0.41931265592575073,1.341591454208353
GCN-CfC,ESOL,17,7,0.23446593061089516,0.2789771556854248,1.0942980346978566,0.29140424728393555,1.1184054051772059
GCN-CfC,ESOL,17,8,0.2118881158530712,0.25488516688346863,1.045980441371924,0.2791636884212494,1.094663728787487
GCN-CfC,ESOL,17,9,0.2344206590205431,0.22592955827713013,0.9847768235922255,0.22054757177829742,0.9729766930653648
GCN-CfC,ESOL,17,10,0.16949554067105055,0.2897697687149048,1.1152643042722157,0.2915419936180115,1.118669607161642
GCN-CfC,ESOL,17,11,0.20013102516531944,0.23906736075878143,1.0130046787624631,0.21754880249500275,0.9663392804686427
GCN-CfC,ESOL,17,12,0.1827870300039649,0.25084835290908813,1.0376642901398179,0.2728707492351532,1.0822554263135085
GCN-CfC,ESOL,17,13,0.15515469945967197,0.21531401574611664,0.9613630391538607,0.20177645981311798,0.9306503887312813
GCN-CfC,ESOL,17,14,0.2534961961209774,0.195783793926239,0.916726233252045,0.22424587607383728,0.9811006007082158
GCN-CfC,ESOL,17,15,0.22404283098876476,0.1723458617925644,0.8601054468492262,0.16914518177509308,0.8520814206973173
GCN-CfC,ESOL,17,16,0.3519797697663307,0.334227979183197,1.1977679395261784,0.2875998616218567,1.1110806851724666
GCN-CfC,ESOL,17,17,0.22817630134522915,0.2899683713912964,1.1156464198003626,0.27710282802581787,1.0906157681749375
GCN-CfC,ESOL,17,18,0.21519823372364044,0.32301950454711914,1.177512836021874,0.24987833201885223,1.0356561569287952
GCN-CfC,ESOL,17,19,0.24432618729770184,0.2760631740093231,1.088567882508108,0.22927267849445343,0.9920360119132005
GCN-CfC,ESOL,17,20,0.19032932072877884,0.2825375497341156,1.1012586350378473,0.19923125207424164,0.9247621165933563
GCN-CfC,ESOL,17,21,0.15745641849935055,0.2609301805496216,1.0583112839532023,0.22910329699516296,0.9916694970985431
GCN-CfC,ESOL,17,22,0.24891183618456125,0.16877752542495728,0.8511549298025185,0.16433262825012207,0.8398721379649897
GCN-CfC,ESOL,17,23,0.21315882168710232,0.1972520351409912,0.9201572060511231,0.20247115194797516,0.932250968570467
GCN-CfC,ESOL,17,24,0.18232532031834126,0.3771492540836334,1.2723538521289846,0.33278748393058777,1.1951839402819082
GCN-CfC,ESOL,17,25,0.23055123165249825,0.44998306035995483,1.3897905310594374,0.3639649450778961,1.2499166460855962
GCN-CfC,ESOL,17,26,0.22853055410087109,0.46586018800735474,1.414096642182134,0.4274349510669708,1.354522770740593
GCN-CfC,ESOL,17,27,0.1833399459719658,0.33407995104789734,1.1975026728335438,0.24853819608688354,1.0328751676306092
GCN-CfC,ESOL,17,28,0.1832684613764286,0.24521727859973907,1.0259514718988152,0.23522309958934784,1.0048269361970514
GCN-CfC,ESOL,17,29,0.14570018369704485,0.20919522643089294,0.9476045926222288,0.19014470279216766,0.9034277279885128
GCN-CfC,ESOL,17,30,0.22464975249022245,0.24011142551898956,1.0152142207518193,0.22993583977222443,0.9934697013788749
GCN-CfC,ESOL,17,31,0.23886805586516857,0.1635308712720871,0.8378208371423101,0.1485235095024109,0.7984521629345765
GCN-CfC,ESOL,17,32,0.12099025584757328,0.19494690001010895,0.9147648517521646,0.19389933347702026,0.9123037323143315
GCN-CfC,ESOL,17,33,0.14809378143399954,0.16797317564487457,0.8491242525503709,0.16464585065841675,0.8406721775472775
GCN-CfC,ESOL,17,34,0.1526130847632885,0.153001606464386,0.8103997522140042,0.14531616866588593,0.7897838279263342
GCN-CfC,ESOL,17,35,0.14816617034375668,0.2496279776096344,1.0351371907332965,0.2715144157409668,1.0795623485940742
GCN-CfC,ESOL,17,36,0.14217072911560535,0.2094418704509735,0.948163140220698,0.18699386715888977,0.8959112059583763
GCN-CfC,ESOL,17,37,0.1345433760434389,0.168124720454216,0.8495071875844606,0.15508657693862915,0.8159027006865524
GCN-CfC,ESOL,17,38,0.22250188142061234,0.17556561529636383,0.8681025102419769,0.14499147236347198,0.7889009820282837
GCN-CfC,ESOL,17,39,0.15020373463630676,0.14204153418540955,0.7808344307942313,0.13587644696235657,0.7637009871219351
GCN-CfC,ESOL,17,40,0.17063770722597837,0.16372106969356537,0.8383079503225379,0.15899033844470978,0.826107662943103
GCN-CfC,ESOL,17,41,0.13166588637977839,0.24260511994361877,1.0204723589273634,0.19976061582565308,0.925989827670751
GCN-CfC,ESOL,17,42,0.10522466711699963,0.17589907348155975,0.8689264955238809,0.15243063867092133,0.8088862309402014
GCN-CfC,ESOL,17,43,0.15554700046777725,0.15155750513076782,0.8065661379803416,0.15592056512832642,0.8180935229838793
GCN-CfC,ESOL,17,44,0.12205558829009533,0.1814105212688446,0.8824345615212944,0.17033959925174713,0.8550846857661808
GCN-CfC,ESOL,17,45,0.10441272892057896,0.16292612254619598,0.8362702037383513,0.1547078788280487,0.8149059326789169
GCN-CfC,ESOL,17,46,0.09931853041052818,0.22723178565502167,0.987610751593025,0.2194897085428238,0.9706404299224993
GCN-CfC,ESOL,17,47,0.10448644123971462,0.17064154148101807,0.8558421256391594,0.16391751170158386,0.8388107334098748
GCN-CfC,ESOL,17,48,0.10999040119349957,0.16348548233509064,0.8377045111263433,0.1392999142408371,0.7732620040154197
GCN-CfC,ESOL,17,49,0.08740103617310524,0.15094499289989471,0.8049346396170816,0.13571523129940033,0.7632478673500931
GCN-CfC,ESOL,17,50,0.09793189261108637,0.14100414514541626,0.7779778046396126,0.13063912093639374,0.7488380411573038
GCN-CfC,ESOL,17,51,0.09947664849460125,0.14013195037841797,0.7755679833344908,0.1287357658147812,0.7433629014316931
GCN-CfC,ESOL,17,52,0.08547635283321142,0.20961281657218933,0.9485498276986487,0.17364931106567383,0.8633518794238957
GCN-CfC,ESOL,17,53,0.09217296540737152,0.14297625422477722,0.7833993718197105,0.14283981919288635,0.783025631091686
GCN-CfC,ESOL,17,54,0.09856705460697412,0.15536360442638397,0.816631121899921,0.12944631278514862,0.7454116259540036
GCN-CfC,ESOL,17,55,0.09306467697024345,0.13735467195510864,0.7678440012076556,0.12365501374006271,0.7285462646586539
GCN-CfC,ESOL,17,56,0.08746092766523361,0.24892878532409668,1.0336864473118534,0.2510974407196045,1.0381794669362
GCN-CfC,ESOL,17,57,0.1917462358251214,0.13586542010307312,0.763670040821107,0.13741561770439148,0.7680144101420174
GCN-CfC,ESOL,17,58,0.15910222195088863,0.16963350772857666,0.8533104970851642,0.16245725750923157,0.8350661540522863
GCN-CfC,ESOL,17,59,0.12805262953042984,0.25127726793289185,1.0385510899847363,0.22520534694194794,0.9831972190973577
GCN-CfC,ESOL,17,60,0.11970077641308308,0.3801591992378235,1.277420928210032,0.29345911741256714,1.1223416709960308
GCN-CfC,ESOL,17,61,0.11525273229926825,0.1682780236005783,0.849894508659701,0.15894293785095215,0.8259844916922183
GCN-CfC,ESOL,17,62,0.1246710866689682,0.1425042301416397,0.7821051304509307,0.13616442680358887,0.7645098681240255
GCN-CfC,ESOL,17,63,0.10431045666337013,0.17067575454711914,0.8559279232875168,0.15830209851264954,0.8243177092385634
GCN-CfC,ESOL,17,64,0.1781989550217986,0.331373929977417,1.1926430707953244,0.3344176709651947,1.1981078230333482
GCN-CfC,ESOL,17,65,0.25347113981842995,0.24924863874912262,1.034350329793517,0.24803072214126587,1.0318201974032526
GCN-CfC,ESOL,17,66,0.2567736990749836,0.32638704776763916,1.1836348926204505,0.32226455211639404,1.1761361027056807
GCN-CfC,ESOL,17,67,0.1558583602309227,0.23561997711658478,1.0056742377404495,0.2521217465400696,1.0402947483169636
GCN-CfC,ESOL,17,68,0.14224948082119226,0.24583542346954346,1.0272437797612437,0.2885906994342804,1.1129930089609326
GCN-CfC,ESOL,17,69,0.11191282328218222,0.24638456106185913,1.0283904454731452,0.21267956495285034,0.955463667050532
GCN-CfC,ESOL,17,70,0.09114772989414632,0.1441045105457306,0.7864843115821237,0.17976675927639008,0.8784276040414442
GCN-CfC,ESOL,17,71,0.2557280445471406,0.18391475081443787,0.8885043478877087,0.1841696798801422,0.8891199344794796
GCN-CfC,ESOL,17,72,0.13538138382136822,0.22058025002479553,0.9730487016425643,0.23676326870918274,1.0081113032281457
GCN-CfC,ESOL,17,73,0.12870094273239374,0.20447173714637756,0.9368453601222849,0.1771346926689148,0.8719731156028301
GCN-CfC,ESOL,17,74,0.09489199984818697,0.16179555654525757,0.8333637152537602,0.1709403693675995,0.8565911720150524
GCN-CfC,ESOL,17,75,0.08535415027290583,0.14763692021369934,0.7960654990262606,0.15511810779571533,0.8159856488541295
GCN-CfC,ESOL,17,76,0.13966807536780834,0.1448117196559906,0.7884118069375756,0.15390489995479584,0.8127884352838434
GCN-CfC,ESOL,17,77,0.09061754960566759,0.16399572789669037,0.8390107392838887,0.15392161905765533,0.8128325442050307
GCN-CfC,ESOL,37,1,0.8275178521871567,0.9778468012809753,2.0487392177146773,0.9514248967170715,2.0208708638379953
GCN-CfC,ESOL,37,2,0.5285771228373051,0.7907319068908691,1.8423236566883823,0.7009716629981995,1.734608608699774
GCN-CfC,ESOL,37,3,0.42284663021564484,0.5681080222129822,1.561588860931105,0.5685317516326904,1.5621712911077423
GCN-CfC,ESOL,37,4,0.3208268880844116,0.4621037244796753,1.4083838062534153,0.409356027841568,1.3255676331218122
GCN-CfC,ESOL,37,5,0.3561221547424793,0.29808011651039124,1.1311436956207275,0.29634180665016174,1.1278407470514327
GCN-CfC,ESOL,37,6,0.27497164718806744,0.28636473417282104,1.1086923890053613,0.30901262164115906,1.1517001148745496
GCN-CfC,ESOL,37,7,0.2379257045686245,0.2729172110557556,1.082347617050891,0.2513939142227173,1.0387922236632194
GCN-CfC,ESOL,37,8,0.1897734673693776,0.2570698857307434,1.0504536738541572,0.2752157747745514,1.0868958559936288
GCN-CfC,ESOL,37,9,0.16748451627790928,0.20076623558998108,0.9283176877149012,0.2388145923614502,1.012468921514068
GCN-CfC,ESOL,37,10,0.2580310180783272,0.26505574584007263,1.0666449981713801,0.2651512026786804,1.0668371538668817
GCN-CfC,ESOL,37,11,0.21159029193222523,0.2727026343345642,1.0819220091833714,0.3177507817745209,1.1678703036968698
GCN-CfC,ESOL,37,12,0.23139353655278683,0.24091459810733795,1.0169107954387258,0.30165377259254456,1.137904070255192
GCN-CfC,ESOL,37,13,0.2214432880282402,0.19013482332229614,0.9034042072000559,0.22234374284744263,0.9769306557018824
GCN-CfC,ESOL,37,14,0.1758724581450224,0.22943606972694397,0.9923894181132097,0.2154645472764969,0.9616990831906841
GCN-CfC,ESOL,37,15,0.18085375428199768,0.1993066668510437,0.9249371893924955,0.22024878859519958,0.9723173723132464
GCN-CfC,ESOL,37,16,0.1839373093098402,0.2053559273481369,0.9388687949566604,0.2290058583021164,0.9914585950423187
GCN-CfC,ESOL,37,17,0.17837211303412914,0.2595491409301758,1.0555068612718226,0.27320411801338196,1.082916338456855
GCN-CfC,ESOL,37,18,0.21821232233196497,0.24508795142173767,1.0256808206360386,0.25953271985054016,1.0554735433496472
GCN-CfC,ESOL,37,19,0.17017875611782074,0.2301301211118698,0.9938892878677376,0.24354404211044312,1.0224452559499162
GCN-CfC,ESOL,37,20,0.15867894142866135,0.21793287992477417,0.9671919198620802,0.20849403738975525,0.94601518350437
GCN-CfC,ESOL,37,21,0.18969668820500374,0.19470541179180145,0.9141980258207635,0.18613123893737793,0.8938423402474596
GCN-CfC,ESOL,37,22,0.16849265340715647,0.2872307002544403,1.1103675056057738,0.19768981635570526,0.9211777135162345
GCN-CfC,ESOL,37,23,0.15712764114141464,0.1684897392988205,0.8504289554478729,0.150006964802742,0.8024297354291547
GCN-CfC,ESOL,37,24,0.20227134507149458,0.16919998824596405,0.8522194943998476,0.18723690509796143,0.8964932509836846
GCN-CfC,ESOL,37,25,0.14407479763031006,0.1621120572090149,0.8341783927705578,0.17759086191654205,0.8730951760945783
GCN-CfC,ESOL,37,26,0.23782779555767775,0.16103972494602203,0.8314149033315322,0.1745225042104721,0.8655197671762871
GCN-CfC,ESOL,37,27,0.1995066348463297,0.2085912525653839,0.9462357103485788,0.2502034604549408,1.0363297630322994
GCN-CfC,ESOL,37,28,0.21536876447498798,0.3104481101036072,1.1543720046636015,0.2888919413089752,1.1135738055328697
GCN-CfC,ESOL,37,29,0.20072863437235355,0.19494758546352386,0.9147663829740706,0.21168647706508636,0.9532303048417017
GCN-CfC,ESOL,37,30,0.1726582758128643,0.2540974020957947,1.044362883026674,0.21512682735919952,0.9609450983506914
GCN-CfC,ESOL,37,31,0.1596680609509349,0.20517615973949432,0.9384577944781289,0.19873027503490448,0.9235987307898721
GCN-CfC,ESOL,37,32,0.1391622070223093,0.20368705689907074,0.9350460997859814,0.20014764368534088,0.9268864661939624
GCN-CfC,ESOL,37,33,0.16310345381498337,0.22884277999401093,0.9911055184666496,0.21198312938213348,0.9538980382117523
GCN-CfC,ESOL,37,34,0.18441544100642204,0.16091054677963257,0.8310812958201779,0.15570417046546936,0.8175256529116626
GCN-CfC,ESOL,37,35,0.13684177678078413,0.20844845473766327,0.9459117849866625,0.18449564278125763,0.8899064427932277
GCN-CfC,ESOL,37,36,0.21356074046343565,0.19408643245697021,0.9127436848121321,0.15568505227565765,0.8174754902609798
GCN-CfC,ESOL,37,37,0.333486620336771,0.23220406472682953,0.9983577356131754,0.1922849416732788,0.9084979163394226
GCN-CfC,ESOL,37,38,0.14481277018785477,0.229032501578331,0.9915162767179431,0.23650042712688446,1.0075514699316668
GCN-CfC,ESOL,37,39,0.17481220979243517,0.33738601207733154,1.2034133466517127,0.31977295875549316,1.1715805701090642
GCN-CfC,ESOL,37,40,0.1688717119395733,0.3210112750530243,1.1738467603781513,0.2588408291339874,1.0540656623148252
GCN-CfC,ESOL,37,41,0.12659558933228254,0.21031229197978973,0.9501312955676106,0.2193385660648346,0.9703061003788777
GCN-CfC,ESOL,37,42,0.10816145595163107,0.18589918315410614,0.8932849247529727,0.19177310168743134,0.9072879569280371
GCN-CfC,ESOL,37,43,0.20563775207847357,0.20132213830947876,0.929601937852619,0.18715408444404602,0.8962949332408449
GCN-CfC,ESOL,37,44,0.14024470187723637,0.20553378760814667,0.9392753004515234,0.1896909475326538,0.9023491004686136
GCN-CfC,ESOL,37,45,0.12238343432545662,0.21130605041980743,0.9523733959011753,0.19026339054107666,0.9037095999228606
GCN-CfC,ESOL,37,46,0.09148172847926617,0.16449859738349915,0.8402960690345688,0.16386093199253082,0.8386659036538373
GCN-CfC,ESOL,37,47,0.11736509948968887,0.20245783030986786,0.9322203425965767,0.19352343678474426,0.9114189720737356
GCN-CfC,ESOL,37,48,0.11534443963319063,0.19950106739997864,0.9253880434334374,0.1439955234527588,0.786186870351197
GCN-CfC,ESOL,37,49,0.1693418864160776,0.17374902963638306,0.863599658087945,0.14582662284374237,0.7911698179311483
GCN-CfC,ESOL,37,50,0.1187651939690113,0.16658492386341095,0.8456081134381642,0.15074706077575684,0.8044068300697023
GCN-CfC,ESOL,37,51,0.0918411542661488,0.16546252369880676,0.8427545538739357,0.1439158022403717,0.7859691757583814
GCN-CfC,ESOL,37,52,0.12439452018588781,0.17402535676956177,0.8642861226935474,0.15547087788581848,0.816912991166387
GCN-CfC,ESOL,37,53,0.11119841877371073,0.16563141345977783,0.8431844935483396,0.1604681760072708,0.8299381990864295
GCN-CfC,ESOL,37,54,0.13053049938753247,0.172245591878891,0.8598552748975106,0.16614511609077454,0.8444911033270156
GCN-ODE,ESOL,7,1,0.7937337383627892,0.9344602823257446,2.0027729123721176,0.8978636264801025,1.9631634726605918
GCN-ODE,ESOL,7,2,0.47799837961792946,0.5812376737594604,1.5795309772164805,0.5548396706581116,1.5432455466468982
GCN-ODE,ESOL,7,3,0.3236448746174574,0.38192734122276306,1.2803881467967124,0.41128161549568176,1.328681649632886
GCN-ODE,ESOL,7,4,0.4394822120666504,0.3096912205219269,1.1529640209443763,0.31762465834617615,1.1676384704453169
GCN-ODE,ESOL,7,5,0.3935915622860193,0.26965057849884033,1.0758505339740887,0.3033340573310852,1.1410689339204327
GCN-ODE,ESOL,7,6,0.2992416825145483,0.2887531816959381,1.1133063062558626,0.3037944436073303,1.1419346228089309
GCN-ODE,ESOL,7,7,0.2913713101297617,0.39170411229133606,1.2966727133481628,0.38124561309814453,1.2792449241747714
GCN-ODE,ESOL,7,8,0.3752395547926426,0.3140317499637604,1.1610156642635814,0.27053144574165344,1.0776064634721167
GCN-ODE,ESOL,7,9,0.26355426013469696,0.26147106289863586,1.0594076145969344,0.2447873055934906,1.0250516203931
GCN-ODE,ESOL,7,10,0.3345418907701969,0.2594325542449951,1.05526988586472,0.29453185200691223,1.124391232130049
GCN-ODE,ESOL,7,11,0.2881627734750509,0.23715996742248535,1.008955433098511,0.24405083060264587,1.0235084916746966
GCN-ODE,ESOL,7,12,0.236076507717371,0.2243274599313736,0.9812790155676583,0.2160811573266983,0.9630742391271522
GCN-ODE,ESOL,7,13,0.2167359534651041,0.24535688757896423,1.0262434836772008,0.22900839149951935,0.9914641258956005
GCN-ODE,ESOL,7,14,0.20693578757345676,0.32248368859291077,1.1765358363318024,0.3095627427101135,1.1527248980689415
GCN-ODE,ESOL,7,15,0.16091100126504898,0.2352331578731537,1.0048484091991043,0.23233728110790253,0.9986440883621363
GCN-ODE,ESOL,7,16,0.14523950312286615,0.20146510004997253,0.9299319931514329,0.22120822966098785,0.9744329197217921
GCN-ODE,ESOL,7,17,0.15752219781279564,0.2727576196193695,1.0820309745705594,0.2270989865064621,0.9873221647713565
GCN-ODE,ESOL,7,18,0.1712704412639141,0.2637070119380951,1.063927701010266,0.24371567368507385,1.0228054045685444
GCN-ODE,ESOL,7,19,0.15729409269988537,0.1957605630159378,0.9166718107136975,0.19230160117149353,0.9085372474269606
GCN-ODE,ESOL,7,20,0.17460205499082804,0.18764938414096832,0.8974801311578208,0.18813537061214447,0.8986415797110398
GCN-ODE,ESOL,7,21,0.15563013311475515,0.24165822565555573,1.0184789027752388,0.27433982491493225,1.0851648449814855
GCN-ODE,ESOL,7,22,0.1687572794035077,0.1670614629983902,0.8468167063226896,0.16603347659111023,0.8442074277500882
GCN-ODE,ESOL,7,23,0.16487987898290157,0.19281336665153503,0.9097453487326607,0.21733756363391876,0.9658699601452782
GCN-ODE,ESOL,7,24,0.11568922828882933,0.1643780767917633,0.8399882347554565,0.16544471681118011,0.8427091819340818
GCN-ODE,ESOL,7,25,0.10862664692103863,0.17669440805912018,0.8708887928242376,0.1893988698720932,0.9016541327018418
GCN-ODE,ESOL,7,26,0.13689450081437826,0.19126905500888824,0.9060948008797451,0.19059377908706665,0.9044938995404433
GCN-ODE,ESOL,7,27,0.17542105913162231,0.1605311930179596,0.83010113852519,0.15893703699111938,0.8259691932188921
GCN-ODE,ESOL,7,28,0.22170804254710674,0.2157949060201645,0.9624360967452843,0.22951190173625946,0.9925534632237615
GCN-ODE,ESOL,7,29,0.13737019803375006,0.27234598994255066,1.081214238275506,0.22223791480064392,0.9766981717280531
GCN-ODE,ESOL,7,30,0.1277681440114975,0.24495644867420197,1.025405680228018,0.2917771339416504,1.1191207058450392
GCN-ODE,ESOL,7,31,0.1378758167847991,0.15091633796691895,0.8048583284545168,0.17002902925014496,0.854304771578713
GCN-ODE,ESOL,7,32,0.12813157215714455,0.16537053883075714,0.8425202414800604,0.17324863374233246,0.8623552491170788
GCN-ODE,ESOL,7,33,0.1035089772194624,0.16682887077331543,0.8462270122769778,0.18621686100959778,0.8940479022170681
GCN-ODE,ESOL,7,34,0.21289238519966602,0.15163381397724152,0.8067691137214658,0.14860518276691437,0.7986716791119317
GCN-ODE,ESOL,7,35,0.14542905520647764,0.2029721736907959,0.933403793865575,0.22798605263233185,0.9892486240453553
GCN-ODE,ESOL,7,36,0.10409317491576076,0.20323511958122253,0.9340081352680105,0.18317295610904694,0.8867106836431015
GCN-ODE,ESOL,7,37,0.11069500911980867,0.16588565707206726,0.8438314116019902,0.18599052727222443,0.8935044238018892
GCN-ODE,ESOL,7,38,0.09314512833952904,0.13214196264743805,0.7531329522563822,0.16093948483467102,0.8311560957793352
GCN-ODE,ESOL,7,39,0.1244530975818634,0.14074809849262238,0.777271133174813,0.14093948900699615,0.7777995397914115
GCN-ODE,ESOL,7,40,0.12342024967074394,0.16958919167518616,0.853199042436319,0.18243256211280823,0.884916886290078
GCN-ODE,ESOL,7,41,0.10723708104342222,0.2463063895702362,1.0282272195293602,0.21289364993572235,0.9559444250907854
GCN-ODE,ESOL,7,42,0.1452834215015173,0.19516676664352417,0.9152805005774152,0.17290212213993073,0.8614923921715206
GCN-ODE,ESOL,7,43,0.16087926365435123,0.19258491694927216,0.9092062711670605,0.20293353497982025,0.9333148683413061
GCN-ODE,ESOL,7,44,0.11749687977135181,0.19796334207057953,0.9218147710748529,0.17606988549232483,0.8693482568879691
GCN-ODE,ESOL,7,45,0.11955356225371361,0.17855744063854218,0.8754679926975018,0.18365758657455444,0.8878829640210285
GCN-ODE,ESOL,7,46,0.11281116958707571,0.14589907228946686,0.7913662733730537,0.1399325281381607,0.7750159446552759
GCN-ODE,ESOL,7,47,0.14927453268319368,0.1359872668981552,0.7640123315734673,0.14564159512519836,0.7906676480698351
GCN-ODE,ESOL,7,48,0.08807000936940312,0.17717629671096802,0.8720755753139421,0.19528794288635254,0.9155646802282665
GCN-ODE,ESOL,7,49,0.11630850750952959,0.2076091468334198,0.9440054882403228,0.21536578238010406,0.9614786004726626
GCN-ODE,ESOL,7,50,0.15722075570374727,0.13809412717819214,0.7699080962908245,0.13896314799785614,0.7723267796816934
GCN-ODE,ESOL,7,51,0.11952548008412123,0.19000348448753357,0.9030921111668682,0.1932757943868637,0.9108355692504169
GCN-ODE,ESOL,7,52,0.15115822665393353,0.19916094839572906,0.924598936820569,0.21506156027317047,0.960799292573184
GCN-ODE,ESOL,7,53,0.13259622547775507,0.18544472754001617,0.8921923982983491,0.19960437715053558,0.9256275870359794
GCN-ODE,ESOL,7,54,0.1438256660476327,0.19778567552566528,0.9214010151621727,0.1632973998785019,0.8372225643502644
GCN-ODE,ESOL,7,55,0.10473435558378696,0.1916174739599228,0.9069196923230658,0.21074604988098145,0.9511105558772809
GCN-ODE,ESOL,7,56,0.11880453396588564,0.15512758493423462,0.8160105572255983,0.13103529810905457,0.7499727005758539
GCN-ODE,ESOL,7,57,0.08889745362102985,0.16122102737426758,0.831882696366909,0.1476210504770279,0.7960227073588736
GCN-ODE,ESOL,7,58,0.07775321044027805,0.14599665999412537,0.7916309365357578,0.15386159718036652,0.8126740635975188
GCN-ODE,ESOL,17,1,0.8549560606479645,0.8949844241142273,1.9600131831406968,0.8227965831756592,1.8793059814080253
GCN-ODE,ESOL,17,2,0.456351350992918,0.6801305413246155,1.7086276134314977,0.5878750085830688,1.588524123131439
GCN-ODE,ESOL,17,3,0.3397350776940584,0.46128183603286743,1.4071307497146819,0.4386385977268219,1.3721598857272068
GCN-ODE,ESOL,17,4,0.2562612406909466,0.38307294249534607,1.2823070259734128,0.30099382996559143,1.1366587619749018
GCN-ODE,ESOL,17,5,0.22872318141162395,0.3370930254459381,1.2028906953230265,0.3510224223136902,1.2274921563047452
GCN-ODE,ESOL,17,6,0.3280222751200199,0.3153185248374939,1.163391944224925,0.2535800635814667,1.0432991333211894
GCN-ODE,ESOL,17,7,0.23195991292595863,0.24920225143432617,1.034254091232134,0.2552061080932617,1.046638803738875
GCN-ODE,ESOL,17,8,0.40187519043684006,0.32437002658843994,1.1799718754051434,0.3549211323261261,1.2342899631229693
GCN-ODE,ESOL,17,9,0.277620043605566,0.3871062994003296,1.289039981529758,0.3293702006340027,1.1890317173506024
GCN-ODE,ESOL,17,10,0.2087748385965824,0.3543781042098999,1.2333453265887153,0.3739307224750519,1.2669131940476965
GCN-ODE,ESOL,17,11,0.2109037358313799,0.27184808254241943,1.080225460219586,0.274181604385376,1.0848518268647709
GCN-ODE,ESOL,17,12,0.2064582547172904,0.3806864023208618,1.2783063708565807,0.26404768228530884,1.0646146599228379
GCN-ODE,ESOL,17,13,0.21529683656990528,0.22861352562904358,0.9906088818703955,0.18645639717578888,0.8946226981115956
GCN-ODE,ESOL,17,14,0.18671180866658688,0.2078445851802826,0.9445405756109011,0.19127291440963745,0.9061040103000549
GCN-ODE,ESOL,17,15,0.17847025580704212,0.2321312427520752,0.998201153023187,0.19568711519241333,0.916499841566223
GCN-ODE,ESOL,17,16,0.3625333830714226,0.2955869734287262,1.1264033571550884,0.2776511311531067,1.0916941804306373
GCN-ODE,ESOL,17,17,0.1731448257341981,0.230646014213562,0.9950026875847793,0.18679802119731903,0.8954419826326938
GCN-ODE,ESOL,17,18,0.1908496581017971,0.2008388489484787,0.9284855421663125,0.2175995111465454,0.9664519031692026
GCN-ODE,ESOL,17,19,0.22818797826766968,0.22289074957370758,0.9781316129320747,0.2146822214126587,0.9599516238501012
GCN-ODE,ESOL,17,20,0.16678917314857244,0.2899380624294281,1.115588237252906,0.3269617557525635,1.184676427404551
GCN-ODE,ESOL,17,21,0.14071928337216377,0.22123456001281738,0.9744908140306385,0.21097858250141144,0.9516351656424029
GCN-ODE,ESOL,17,22,0.13127986155450344,0.2056102305650711,0.9394499844123863,0.21085304021835327,0.9513519242028892
GCN-ODE,ESOL,17,23,0.11851269286125898,0.1837112307548523,0.8880125513371108,0.20075127482414246,0.9282831115138946
GCN-ODE,ESOL,17,24,0.12005862407386303,0.18322932720184326,0.8868471968461613,0.1819392889738083,0.8837196955145483
GCN-ODE,ESOL,17,25,0.129627731628716,0.17875851690769196,0.8759606741630621,0.1759493052959442,0.8690506106279744
GCN-ODE,ESOL,17,26,0.15244121756404638,0.2674773931503296,1.071506530332402,0.22778411209583282,0.9888103712148327
GCN-ODE,ESOL,17,27,0.1691405288875103,0.17134472727775574,0.857603744648206,0.16920970380306244,0.8522439732180419
GCN-ODE,ESOL,17,28,0.19917293544858694,0.17491579055786133,0.866494460297853,0.15889455378055573,0.8258588121091277
GCN-ODE,ESOL,17,29,0.1373859397135675,0.2362656444311142,1.007051106354102,0.2027105838060379,0.9328020961059883
GCN-ODE,ESOL,17,30,0.10343834664672613,0.20547963678836823,0.9391515489651686,0.2075360119342804,0.9438391940176135
GCN-ODE,ESOL,17,31,0.11989269964396954,0.23428601026535034,1.002823420079094,0.26459401845932007,1.065715524178921
GCN-ODE,ESOL,17,32,0.17270742263644934,0.24269305169582367,1.0206572646807035,0.25854313373565674,1.053459356641962
GCN-ODE,ESOL,17,33,0.169848944991827,0.2291063666343689,0.991676168770238,0.21756379306316376,0.9663725875628982
GCN-ODE,ESOL,17,34,0.144199853297323,0.19646894931793213,0.9183288517223559,0.16871659457683563,0.8510012045447211
GCN-ODE,ESOL,17,35,0.13567761983722448,0.1535475254058838,0.8118441942814977,0.14742501080036163,0.7954939674541925
GCN-ODE,ESOL,17,36,0.10805538576096296,0.18567296862602234,0.8927412823027358,0.17149940133094788,0.8579907452722193
GCN-ODE,ESOL,17,37,0.11454894486814737,0.18156801164150238,0.882817462468336,0.18767164647579193,0.8975333266592329
GCN-ODE,ESOL,17,38,0.10500962613150477,0.16807541251182556,0.8493826377250169,0.1674758493900299,0.8478663311638458
GCN-ODE,ESOL,17,39,0.0868028593249619,0.18202964961528778,0.883939074857105,0.15895475447177887,0.8260152681870025
GCN-ODE,ESOL,17,40,0.0794299291446805,0.16087061166763306,0.8309781569354107,0.15439708530902863,0.8140870513435416
GCN-ODE,ESOL,17,41,0.10792060289531946,0.1572672426700592,0.8216188836728268,0.14830470085144043,0.797863702203104
GCN-ODE,ESOL,17,42,0.10955521371215582,0.19427017867565155,0.913175755943332,0.177712544798851,0.8733942420360862
GCN-ODE,ESOL,17,43,0.10631779953837395,0.15448053181171417,0.814306927556427,0.13965657353401184,0.7742514517736327
GCN-ODE,ESOL,17,44,0.13314372301101685,0.16452613472938538,0.8403665024615585,0.1736619919538498,0.8633834295086382
GCN-ODE,ESOL,17,45,0.08333125477656722,0.16746196150779724,0.8478311454952691,0.1548006534576416,0.8151502667310393
GCN-ODE,ESOL,17,46,0.09631996229290962,0.16583548486232758,0.8437038691590334,0.16159701347351074,0.8328523121777602
GCN-ODE,ESOL,17,47,0.12312703672796488,0.24532277882099152,1.0261721003677011,0.26960888504981995,1.0757674272434565
GCN-ODE,ESOL,17,48,0.10211196821182966,0.19959309697151184,0.9256014106006144,0.19544556736946106,0.9159340567964971
GCN-ODE,ESOL,17,49,0.14951961301267147,0.31847813725471497,1.169206097799603,0.2857544422149658,1.107510248657753
GCN-ODE,ESOL,17,50,0.15335225220769644,0.2349778264760971,1.004302900156044,0.20743520557880402,0.9436099586414897
GCN-ODE,ESOL,17,51,0.08338413806632161,0.28179407119750977,1.099808886571993,0.24220098555088043,1.0196220971333076
GCN-ODE,ESOL,17,52,0.106765853241086,0.1508219838142395,0.8046066095378912,0.13807454705238342,0.7698535147578583
GCN-ODE,ESOL,17,53,0.11507915426045656,0.15159036219120026,0.8066536669104011,0.15501098334789276,0.8157038244984834
GCN-ODE,ESOL,17,54,0.12669959757477045,0.1491757333278656,0.8002033288175663,0.15308576822280884,0.810622577119499
GCN-ODE,ESOL,17,55,0.13604352995753288,0.17213699221611023,0.8595841586734164,0.14648373425006866,0.7929503715903458
GCN-ODE,ESOL,17,56,0.15879852138459682,0.19388775527477264,0.9122764548733415,0.18076033890247345,0.8808518301562447
GCN-ODE,ESOL,17,57,0.14149545598775148,0.2115236520767212,0.9528636574078224,0.19215570390224457,0.9081924601923392
GCN-ODE,ESOL,17,58,0.1184470672160387,0.1513270139694214,0.8059525776606814,0.15490247309207916,0.815418394090489
GCN-ODE,ESOL,17,59,0.1258083852007985,0.13775582611560822,0.7689644134606319,0.14570678770542145,0.7908446704130936
GCN-ODE,ESOL,17,60,0.0836040391586721,0.16687405109405518,0.8463416387168744,0.14733313024044037,0.7952459925814707
GCN-ODE,ESOL,17,61,0.08235302288085222,0.13595366477966309,0.7639180442756301,0.13100603222846985,0.7498889284539763
GCN-ODE,ESOL,17,62,0.06936202896758914,0.12998993694782257,0.7469751235057387,0.12368336319923401,0.7286298319704962
GCN-ODE,ESOL,17,63,0.16615313943475485,0.16271497309207916,0.8357281645587719,0.14637799561023712,0.7926641546329363
GCN-ODE,ESOL,17,64,0.11955226957798004,0.19281502068042755,0.909749247041974,0.15411029756069183,0.8133306292257018
GCN-ODE,ESOL,17,65,0.1535877911373973,0.1790602207183838,0.8766996021453904,0.14335691928863525,0.7844416084732084
GCN-ODE,ESOL,17,66,0.1004056790843606,0.20830312371253967,0.9455819494680459,0.2141064703464508,0.9586634205664624
GCN-ODE,ESOL,17,67,0.11867444403469563,0.1770143359899521,0.8716768442937085,0.19582732021808624,0.9168280473894325
GCN-ODE,ESOL,17,68,0.17745496053248644,0.2503260672092438,1.036583546242834,0.23800605535507202,1.0107536278413538
GCN-ODE,ESOL,17,69,0.10956323519349098,0.16135261952877045,0.8322222136800392,0.15186652541160583,0.8073880332937811
GCN-ODE,ESOL,17,70,0.09075846802443266,0.14064978063106537,0.7769995459281547,0.1315791755914688,0.7515274626560976
GCN-ODE,ESOL,17,71,0.09712373465299606,0.13409312069416046,0.7586728747163585,0.11774618923664093,0.7109265588610145
GCN-ODE,ESOL,17,72,0.10200864309445024,0.1820908486843109,0.884087713373537,0.1718755066394806,0.8589310279507428
GCN-ODE,ESOL,17,73,0.09506466769380495,0.1887691169977188,0.9001538674962504,0.15913604199886322,0.8264860453157415
GCN-ODE,ESOL,17,74,0.09110464854165912,0.14414846897125244,0.7866041583008774,0.13596390187740326,0.7639467178958317
GCN-ODE,ESOL,17,75,0.10573009680956602,0.14076609909534454,0.7773208231396396,0.1246376559138298,0.7314353300465138
GCN-ODE,ESOL,17,76,0.21382573479786515,0.16277360916137695,0.8358786731591916,0.13959017395973206,0.7740672466577614
GCN-ODE,ESOL,17,77,0.11024456564337015,0.20996670424938202,0.9493502929968324,0.21806280314922333,0.967480196442108
GCN-ODE,ESOL,17,78,0.08419486600905657,0.21017447113990784,0.9498199317331629,0.17243653535842896,0.860331748361863
GCN-ODE,ESOL,17,79,0.08191113639622927,0.1349336802959442,0.7610469496576953,0.12185245007276535,0.7232166488716498
GCN-ODE,ESOL,17,80,0.08188121765851974,0.15379011631011963,0.8124852545940758,0.17292752861976624,0.8615556619654376
GCN-ODE,ESOL,17,81,0.06399229820817709,0.13643863797187805,0.7652793415405149,0.13597171008586884,0.7639686807708952
GCN-ODE,ESOL,17,82,0.0998422997072339,0.1582135409116745,0.8240871233944747,0.1317570060491562,0.7520352009158849
GCN-ODE,ESOL,37,1,0.6987515352666378,0.9337688088417053,2.0020317248289747,0.8503469824790955,1.9105101961504227
GCN-ODE,ESOL,37,2,0.4209584519267082,0.7000529766082764,1.7334716093710925,0.6563963890075684,1.678550299769477
GCN-ODE,ESOL,37,3,0.4464508555829525,0.39871326088905334,1.3082225671680652,0.45595306158065796,1.3989795934103633
GCN-ODE,ESOL,37,4,0.35305285546928644,0.43275585770606995,1.3629275849683562,0.38540253043174744,1.286200195030372
GCN-ODE,ESOL,37,5,0.30225764587521553,0.33911383152008057,1.2064908987841048,0.31516286730766296,1.1631046424982319
GCN-ODE,ESOL,37,6,0.22196175903081894,0.3024238646030426,1.1393556717296736,0.30245742201805115,1.139418865704949
GCN-ODE,ESOL,37,7,0.32168841920793056,0.3498874604701996,1.2255060299056149,0.37437042593955994,1.2676579666267132
GCN-ODE,ESOL,37,8,0.29404232278466225,0.2230091243982315,0.978391414837511,0.26585498452186584,1.0682519164779045
GCN-ODE,ESOL,37,9,0.2827002387493849,0.339417964220047,1.2070317438118427,0.29715028405189514,1.1293780650955938
GCN-ODE,ESOL,37,10,0.24211128428578377,0.21094287931919098,0.9515546150068745,0.23614846169948578,1.0068014825351548
GCN-ODE,ESOL,37,11,0.2070126309990883,0.2928829789161682,1.121239363620963,0.33214160799980164,1.194023684140551
GCN-ODE,ESOL,37,12,0.1798869464546442,0.19098126888275146,0.9054128134221678,0.18807514011859894,0.8984977701952337
GCN-ODE,ESOL,37,13,0.24171591736376286,0.24659016728401184,1.0288194276504494,0.28303927183151245,1.1022361156707876
GCN-ODE,ESOL,37,14,0.1670819241553545,0.195211261510849,0.9153847545211874,0.21294811367988586,0.9560667198912458
GCN-ODE,ESOL,37,15,0.13722887448966503,0.2218778431415558,0.975906609575553,0.23613888025283813,1.0067810576436618
GCN-ODE,ESOL,37,16,0.14897361770272255,0.19588661193847656,0.9169669345876353,0.23582495748996735,1.0061116615119308
GCN-ODE,ESOL,37,17,0.15129379648715258,0.18284441530704498,0.8859151147776126,0.19650015234947205,0.9184017377694068
GCN-ODE,ESOL,37,18,0.20759642776101828,0.16787169873714447,0.8488677547944982,0.1595737338066101,0.8276219189426195
GCN-ODE,ESOL,37,19,0.17952601239085197,0.1703934669494629,0.855219800425389,0.16069579124450684,0.830526612240682
GCN-ODE,ESOL,37,20,0.14816725719720125,0.16773474216461182,0.8485214107601721,0.16660025715827942,0.8456470567825137
GCN-ODE,ESOL,37,21,0.18520653620362282,0.2306261658668518,0.9949598253468631,0.22679154574871063,0.9866536424771717
GCN-ODE,ESOL,37,22,0.1987417684867978,0.32268601655960083,1.1769048448567756,0.2725488245487213,1.0816167595277322
GCN-ODE,ESOL,37,23,0.2031822856515646,0.22443611919879913,0.98151663905346,0.1897120475769043,0.902399267825462
GCN-ODE,ESOL,37,24,0.16467415541410446,0.2137341946363449,0.957829667850736,0.179559588432312,0.8779213027638572
GCN-ODE,ESOL,37,25,0.17223181668668985,0.2273842841386795,0.9879421210150461,0.20975983142852783,0.9488824947354164
GCN-ODE,ESOL,37,26,0.2210380556061864,0.18580017983913422,0.8930470843594782,0.171526700258255,0.8580590663287997
GCN-ODE,ESOL,37,27,0.16679151449352503,0.2126542329788208,0.9554067097170137,0.20793560147285461,0.9447475352945351
GCN-ODE,ESOL,37,28,0.26829564291983843,0.20567932724952698,0.939607762162247,0.1747160702943802,0.8659996282453378
GCN-ODE,ESOL,37,29,0.18000414595007896,0.1812105029821396,0.881947929562335,0.1636326164007187,0.8380815337400324
GCN-ODE,ESOL,37,30,0.1874781670048833,0.22584469616413116,0.9845918386293511,0.2275080680847168,0.9882109846987311
GCN-ODE,ESOL,37,31,0.13187974272295833,0.1598527580499649,0.8283451795274605,0.177761048078537,0.8735134576242285
GCN-ODE,ESOL,37,32,0.15901851933449507,0.19011235237121582,0.9033507965717804,0.2114662230014801,0.9527343199457369
GCN-ODE,ESOL,37,33,0.12468446977436543,0.22678817808628082,0.9866463025242582,0.24657556414604187,1.0287890692670068
GCN-ODE,ESOL,37,34,0.10884816385805607,0.18430866301059723,0.8894553283744531,0.17798084020614624,0.8740532385151663
GCN-ODE,ESOL,37,35,0.10437380615621805,0.16330786049365997,0.8372493326065442,0.17395257949829102,0.8641053835831471
GCN-ODE,ESOL,37,36,0.14780215453356504,0.1612447053194046,0.8319438118278576,0.16942375898361206,0.8527827837593801
GCN-ODE,ESOL,37,37,0.0905480608344078,0.15360881388187408,0.812006140051492,0.15517263114452362,0.8161290624502523
GCN-ODE,ESOL,37,38,0.11972882319241762,0.141794815659523,0.7801560181079339,0.1675572395324707,0.8480722839119458
GCN-ODE,ESOL,37,39,0.10198707226663828,0.14812995493412018,0.7973935553088165,0.150197833776474,0.8029400638549188
GCN-ODE,ESOL,37,40,0.1084843659773469,0.20829664170742035,0.9455672622269262,0.23811370134353638,1.0109821716532674
GCN-ODE,ESOL,37,41,0.12508929427713156,0.15427015721797943,0.813752236429121,0.1967555284500122,0.9189984653841972
GCN-ODE,ESOL,37,42,0.11523510282859206,0.14914043247699738,0.8001086876470845,0.1774263083934784,0.8726906273609676
GCN-ODE,ESOL,37,43,0.11935455165803432,0.14770154654979706,0.7962396370110096,0.17076069116592407,0.8561408829599089
GCN-ODE,ESOL,37,44,0.14593113772571087,0.137746661901474,0.7689388337854332,0.16470688581466675,0.8408280038869507
GCN-ODE,ESOL,37,45,0.10663749743252993,0.19247159361839294,0.9089386617446795,0.1556088626384735,0.8172754287824556
GCN-ODE,ESOL,37,46,0.11474968306720257,0.19065633416175842,0.904642323369071,0.20158150792121887,0.9302006114939663
GCN-ODE,ESOL,37,47,0.10055514425039291,0.14114749431610107,0.7783731516823327,0.15351571142673492,0.8117600519505435
GCN-ODE,ESOL,37,48,0.09589876607060432,0.13939186930656433,0.7735172962678856,0.14163632690906525,0.7797198760930496
GCN-ODE,ESOL,37,49,0.1013557780534029,0.19350068271160126,0.9113654098372412,0.19136348366737366,0.9063184975355336
GCN-ODE,ESOL,37,50,0.14024960156530142,0.1320214420557022,0.7527894360725371,0.13418616354465485,0.758935941131456
GCN-ODE,ESOL,37,51,0.09739639796316624,0.18338637053966522,0.8872271521327889,0.19534654915332794,0.915701969023301
GCN-ODE,ESOL,37,52,0.11938053090125322,0.214641273021698,0.9598600037639416,0.21635569632053375,0.9636857655316192
GCN-ODE,ESOL,37,53,0.0992973130196333,0.12932750582695007,0.7450693897600434,0.1255527287721634,0.7341154329679096
GCN-ODE,ESOL,37,54,0.10620078910142183,0.1665639579296112,0.8455548233494684,0.18313777446746826,0.886625545493474
GCN-ODE,ESOL,37,55,0.11175646726042032,0.1782057136297226,0.8746052600922244,0.20845524966716766,0.9459271285033851
GCN-ODE,ESOL,37,56,0.08856023894622922,0.1627318263053894,0.8357714550494836,0.18263846635818481,0.8854160907219902
GCN-ODE,ESOL,37,57,0.17556454334408045,0.12799789011478424,0.7412294729777482,0.1343041956424713,0.7592696897850753
GCN-ODE,ESOL,37,58,0.10951252561062574,0.12265083938837051,0.7255820355111476,0.13330800831317902,0.7564485210544688
GCN-ODE,ESOL,37,59,0.14446175750344992,0.13945569097995758,0.7736943136461084,0.1415368765592575,0.7794461214948241
GCN-ODE,ESOL,37,60,0.0991987781599164,0.13213150203227997,0.753103233750983,0.1264469027519226,0.7367249894105484
GCN-ODE,ESOL,37,61,0.13953032484278083,0.20325440168380737,0.9340524225083806,0.21285764873027802,0.9558636140281177
GCN-ODE,ESOL,37,62,0.26679739262908697,0.23223792016506195,0.9984306299394107,0.2460986077785492,1.0277935247389134
GCN-ODE,ESOL,37,63,0.20182323642075062,0.18238648772239685,0.8848050342397628,0.15313348174095154,0.8107489276588352
GCN-ODE,ESOL,37,64,0.17255777213722467,0.33494833111763,1.1990580000605289,0.23336263000965118,1.000845313422682
GCN-ODE,ESOL,37,65,0.16939656902104616,0.15897676348686218,0.826072380261394,0.16262932121753693,0.8355082185068222
GCN-ODE,ESOL,37,66,0.1274130055680871,0.15916141867637634,0.8265520307891047,0.1637200266122818,0.838305319576502
GCN-ODE,ESOL,37,67,0.10409086663275957,0.1629345864057541,0.8362918708708145,0.13987909257411957,0.7748679986949124
GCN-ODE,ESOL,37,68,0.0906345397233963,0.17053265869617462,0.8555690062141253,0.17051008343696594,0.8555124698423487
GCN-ODE,ESOL,37,69,0.09763784939423203,0.12533578276634216,0.7334809237848899,0.11803025752305984,0.7117836077854939
GCN-ODE,ESOL,37,70,0.07895112689584494,0.13561691343784332,0.7629712883983027,0.14132806658744812,0.7788709657381231
GCN-ODE,ESOL,37,71,0.08179913926869631,0.12102921307086945,0.7207694914739594,0.12464862316846848,0.7314675178773321
GCN-ODE,ESOL,37,72,0.08839627681300044,0.19681338965892792,0.9191335552185241,0.215507373213768,0.9617946492543455
GCN-ODE,ESOL,37,73,0.1296720216050744,0.14031445980072021,0.7760728962052835,0.12985430657863617,0.7465853444656494
GCN-ODE,ESOL,37,74,0.1054174741730094,0.1442585438489914,0.7869045473812567,0.11781439185142517,0.7111324001228292
GCN-ODE,ESOL,37,75,0.1952638761140406,0.20310822129249573,0.9337165145282955,0.22340518236160278,0.979259763850604
GCN-ODE,ESOL,37,76,0.1661879327148199,0.14773987233638763,0.7963429338965747,0.15915773808956146,0.8265425118984336
GCN-ODE,ESOL,37,77,0.13583457004278898,0.15851598978042603,0.8248744002015023,0.16403420269489288,0.8391091971305135
GCN-ODE,ESOL,37,78,0.10350082814693451,0.13955986499786377,0.7739831945260717,0.15613721311092377,0.8186617636272322
GCN-ODE,ESOL,37,79,0.10727221239358187,0.1371208131313324,0.7671900731682598,0.145957812666893,0.7915255939541055
GCN-ODE,ESOL,37,80,0.10069392155855894,0.15782438218593597,0.8230729658846201,0.12740081548690796,0.7394986484739632
GCN-ODE,ESOL,37,81,0.1171354353427887,0.14091841876506805,0.7777412586683492,0.13263529539108276,0.7545375256367268
GCN-ODE,ESOL,37,82,0.08900215523317456,0.12546850740909576,0.733869175501396,0.12533701956272125,0.733484580597551
GCN-ODE,ESOL,37,83,0.1686951545998454,0.16602207720279694,0.8441783029884626,0.17940764129161835,0.877549815923917
GCN-ODE,ESOL,37,84,0.16743316035717726,0.1648738831281662,0.8412541456531331,0.1789603978395462,0.8764552888907283
GCN-ODE,ESOL,37,85,0.23192757740616798,0.15884405374526978,0.8257275191251692,0.15689332783222198,0.8206415878676361
GCN-ODE,ESOL,37,86,0.13976393826305866,0.1556234210729599,0.8173136436884382,0.14560483396053314,0.7905679071491639
GCN-ODE,ESOL,37,87,0.12125862017273903,0.17490682005882263,0.8664722758005519,0.21690422296524048,0.9649066364010692
GCN-ODE,ESOL,37,88,0.10838689934462309,0.12293512374162674,0.7264224912223132,0.12301142513751984,0.7266478129516271
GCN-ODE,ESOL,37,89,0.15377763472497463,0.18641787767410278,0.8945303171477805,0.17879360914230347,0.8760467807349861
GCN-ODE,ESOL,37,90,0.10849006101489067,0.13760687410831451,0.768548638248509,0.12002179771661758,0.7177634725073576
GCN-ODE,ESOL,37,91,0.09565959125757217,0.1350981742143631,0.7615107325638533,0.14780473709106445,0.7965176847114604
